SU Ref,Basic Hrs,SAT Hrs,DON,UON,AntiSocial Hrs,Pub Hol Hrs,Sunday Hrs,Total Hrs,Hours per week,Hours per week category,AS/PH/SUN %,Premium Hours
1,6, -   , -   , -   ,8,5,132,150,5,Under 5 Hrs,96%,Over 40% premium hrs
2,19, -   , -   , -   ,2, -   ,250,270,9,6-10 Hrs,93%,Over 40% premium hrs
3, -   , -   , -   , -   , -   ,4,112,116,4,Under 5 Hrs,100%,Over 40% premium hrs
4,6, -   , -   , -   , -   ,2,50,58,2,Under 5 Hrs,90%,Over 40% premium hrs
5,2, -   , -   , -   , -   , -   ,13,15,0,Under 5 Hrs,87%,Over 40% premium hrs
6,4, -   , -   , -   , -   , -   ,44,48,2,Under 5 Hrs,92%,Over 40% premium hrs
7, -   , -   , -   , -   ,451,25,144,620,20,11-20 Hrs,100%,Over 40% premium hrs
8, -   , -   , -   , -   , -   , -   ,44,44,1,Under 5 Hrs,100%,Over 40% premium hrs
9, -   , -   , -   , -   ,84,3,28,115,4,Under 5 Hrs,100%,Over 40% premium hrs
10,24, -   , -   , -   ,25,6,109,164,5,Under 5 Hrs,85%,Over 40% premium hrs
11,31, -   , -   , -   ,0,5,110,147,5,Under 5 Hrs,79%,Over 40% premium hrs
12,29, -   , -   , -   , -   ,2,30,61,2,Under 5 Hrs,52%,Over 40% premium hrs
13,51, -   , -   , -   ,34,4,58,146,5,Under 5 Hrs,65%,Over 40% premium hrs
14,40, -   , -   , -   , -   ,5,30,75,2,Under 5 Hrs,47%,Over 40% premium hrs
15,69, -   , -   , -   ,55, -   ,115,239,8,6-10 Hrs,71%,Over 40% premium hrs
16,56, -   , -   , -   , -   ,2,56,114,4,Under 5 Hrs,51%,Over 40% premium hrs
17,190, -   , -   , -   ,520,16,180,905,30,21-40 Hrs,79%,Over 40% premium hrs
18,1, -   , -   , -   ,22,1,22,46,2,Under 5 Hrs,98%,Over 40% premium hrs
19, -   , -   , -   , -   ,30, -   , -   ,30,1,Under 5 Hrs,100%,Over 40% premium hrs
20,6, -   , -   , -   ,80,2, -   ,88,3,Under 5 Hrs,93%,Over 40% premium hrs
21,65, -   , -   , -   ,1128,16,111,1320,44,41-60 Hrs,95%,Over 40% premium hrs
22,316, -   , -   , -   ,59,8,49,432,14,11-20 Hrs,27%,21%-40% premium hrs
23,204, -   , -   , -   ,1,21,133,359,12,11-20 Hrs,43%,Over 40% premium hrs
24,8, -   , -   , -   ,338,7,1,354,12,11-20 Hrs,98%,Over 40% premium hrs
25,85, -   , -   , -   ,3,8,73,169,6,6-10 Hrs,50%,Over 40% premium hrs
26,2, -   , -   , -   ,39, -   , -   ,41,1,Under 5 Hrs,96%,Over 40% premium hrs
27,71, -   , -   , -   ,9,2,58,140,5,Under 5 Hrs,49%,Over 40% premium hrs
28,3, -   , -   , -   , -   , -   ,9,12,0,Under 5 Hrs,75%,Over 40% premium hrs
29,28, -   , -   , -   ,178,4, -   ,210,7,6-10 Hrs,87%,Over 40% premium hrs
30,83, -   , -   , -   ,20,7,55,165,5,Under 5 Hrs,50%,Over 40% premium hrs
31,59, -   , -   , -   ,345,12,106,522,17,11-20 Hrs,89%,Over 40% premium hrs
32,254, -   , -   , -   ,1,8,188,450,15,11-20 Hrs,44%,Over 40% premium hrs
33,14, -   , -   , -   ,2,1,14,31,1,Under 5 Hrs,54%,Over 40% premium hrs
34,1, -   , -   , -   ,56,2, -   ,59,2,Under 5 Hrs,98%,Over 40% premium hrs
35,67, -   , -   , -   ,109,6,64,245,8,6-10 Hrs,73%,Over 40% premium hrs
36,64, -   , -   , -   , -   ,2,58,124,4,Under 5 Hrs,48%,Over 40% premium hrs
37,107, -   , -   , -   ,119,21,18,264,9,6-10 Hrs,60%,Over 40% premium hrs
38,119, -   , -   , -   , -   ,13,54,186,6,6-10 Hrs,36%,21%-40% premium hrs
39,58, -   , -   , -   ,143,8, -   ,209,7,6-10 Hrs,72%,Over 40% premium hrs
40,61, -   , -   , -   ,165,8,40,274,9,6-10 Hrs,78%,Over 40% premium hrs
41,18, -   , -   , -   ,116,1, -   ,135,4,Under 5 Hrs,87%,Over 40% premium hrs
42,113, -   , -   , -   , -   ,9,87,209,7,6-10 Hrs,46%,Over 40% premium hrs
43,270, -   , -   ,86,504,21,290,1343,44,41-60 Hrs,61%,Over 40% premium hrs
44,54, -   , -   , -   ,103,6,37,198,7,6-10 Hrs,73%,Over 40% premium hrs
45,22, -   , -   , -   ,56,2, -   ,80,3,Under 5 Hrs,73%,Over 40% premium hrs
46,168, -   , -   , -   ,53,8,54,282,9,6-10 Hrs,40%,21%-40% premium hrs
47,51, -   , -   , -   ,146,3, -   ,200,7,6-10 Hrs,75%,Over 40% premium hrs
48,204, -   , -   , -   ,112,17,79,412,14,11-20 Hrs,50%,Over 40% premium hrs
49,36, -   , -   , -   ,282,3, -   ,321,11,11-20 Hrs,89%,Over 40% premium hrs
50,68, -   , -   , -   ,106, -   ,35,209,7,6-10 Hrs,68%,Over 40% premium hrs
51,60, -   , -   , -   , -   ,2,58,120,4,Under 5 Hrs,50%,Over 40% premium hrs
52,12, -   , -   , -   ,44, -   , -   ,56,2,Under 5 Hrs,79%,Over 40% premium hrs
53,177, -   , -   , -   ,176,10,58,421,14,11-20 Hrs,58%,Over 40% premium hrs
54,282, -   , -   , -   ,402,26,147,857,28,21-40 Hrs,67%,Over 40% premium hrs
55,64, -   , -   , -   ,10,1,36,110,4,Under 5 Hrs,42%,Over 40% premium hrs
56,361, -   , -   , -   ,390,18,112,881,29,21-40 Hrs,59%,Over 40% premium hrs
57,313, -   ,1,14,129,15,177,680,22,21-40 Hrs,47%,Over 40% premium hrs
58,0, -   , -   , -   ,41,1, -   ,42,1,Under 5 Hrs,99%,Over 40% premium hrs
59,60, -   , -   , -   , -   ,2,58,120,4,Under 5 Hrs,50%,Over 40% premium hrs
60,9, -   , -   , -   ,26, -   , -   ,35,1,Under 5 Hrs,74%,Over 40% premium hrs
61,49, -   , -   , -   ,136,5, -   ,190,6,6-10 Hrs,74%,Over 40% premium hrs
62,62, -   , -   , -   , -   ,2,52,116,4,Under 5 Hrs,47%,Over 40% premium hrs
63,143, -   , -   , -   , -   ,7,80,230,8,6-10 Hrs,38%,21%-40% premium hrs
64,78, -   , -   , -   , -   ,2,38,118,4,Under 5 Hrs,34%,21%-40% premium hrs
65,181, -   , -   , -   ,178,11,32,400,13,11-20 Hrs,55%,Over 40% premium hrs
66,83, -   , -   , -   ,0, -   ,67,150,5,Under 5 Hrs,45%,Over 40% premium hrs
67,52, -   , -   , -   ,162,11,59,284,9,6-10 Hrs,82%,Over 40% premium hrs
68,16, -   , -   , -   ,47, -   ,7,70,2,Under 5 Hrs,77%,Over 40% premium hrs
69,1, -   , -   , -   ,40,2, -   ,43,1,Under 5 Hrs,98%,Over 40% premium hrs
70,147, -   , -   , -   ,266,13,71,497,16,11-20 Hrs,70%,Over 40% premium hrs
71,12, -   , -   , -   ,25, -   , -   ,36,1,Under 5 Hrs,68%,Over 40% premium hrs
72,344, -   , -   , -   ,305,13,103,765,25,21-40 Hrs,55%,Over 40% premium hrs
73,6, -   , -   , -   ,139,4, -   ,148,5,Under 5 Hrs,96%,Over 40% premium hrs
74,6, -   , -   , -   ,51, -   , -   ,56,2,Under 5 Hrs,90%,Over 40% premium hrs
75,1, -   , -   , -   ,1, -   , -   ,2,0,Under 5 Hrs,67%,Over 40% premium hrs
76,153, -   , -   , -   ,130,10,28,321,11,11-20 Hrs,52%,Over 40% premium hrs
77,60, -   ,1, -   ,545,13,39,662,22,21-40 Hrs,90%,Over 40% premium hrs
78,37, -   , -   , -   ,24,2,29,91,3,Under 5 Hrs,60%,Over 40% premium hrs
79,193, -   , -   , -   ,485,21,98,796,26,21-40 Hrs,76%,Over 40% premium hrs
80,142, -   , -   , -   ,308,5,75,529,17,11-20 Hrs,73%,Over 40% premium hrs
81,15, -   , -   , -   ,13,2,6,35,1,Under 5 Hrs,59%,Over 40% premium hrs
82,315, -   , -   , -   ,177,14,80,586,19,11-20 Hrs,46%,Over 40% premium hrs
83,80, -   , -   , -   ,66, -   ,31,177,6,6-10 Hrs,55%,Over 40% premium hrs
84,91, -   , -   , -   ,244,4,61,400,13,11-20 Hrs,77%,Over 40% premium hrs
85,352, -   , -   , -   ,175,15,86,628,21,21-40 Hrs,44%,Over 40% premium hrs
86,207, -   , -   , -   ,140,10,52,409,14,11-20 Hrs,49%,Over 40% premium hrs
87,8, -   , -   , -   ,72, -   ,1,81,3,Under 5 Hrs,91%,Over 40% premium hrs
88,428, -   , -   , -   ,341,29,88,885,29,21-40 Hrs,52%,Over 40% premium hrs
89,1926, -   , -   , -   ,1914,107,600,4547,150,Over 60 Hrs,58%,Over 40% premium hrs
90,150, -   , -   , -   ,130,9,44,332,11,11-20 Hrs,55%,Over 40% premium hrs
91,350, -   , -   , -   ,319,22,104,795,26,21-40 Hrs,56%,Over 40% premium hrs
92,471, -   , -   , -   ,213,20,114,817,27,21-40 Hrs,42%,Over 40% premium hrs
93,372, -   , -   , -   ,344,15,116,847,28,21-40 Hrs,56%,Over 40% premium hrs
94,199, -   , -   , -   ,241,8,61,508,17,11-20 Hrs,61%,Over 40% premium hrs
95,80, -   , -   , -   ,81,6, -   ,167,5,Under 5 Hrs,52%,Over 40% premium hrs
96,81, -   , -   , -   ,80,6, -   ,167,5,Under 5 Hrs,52%,Over 40% premium hrs
97,198, -   ,22,36,72,11,324,822,27,21-40 Hrs,49%,Over 40% premium hrs
98,120, -   , -   , -   ,120,8, -   ,248,8,6-10 Hrs,52%,Over 40% premium hrs
99,3069, -   , -   , -   ,2113,127,744,6052,200,Over 60 Hrs,49%,Over 40% premium hrs
100,922, -   ,2, -   ,326,33,316,1607,53,41-60 Hrs,42%,Over 40% premium hrs
101,342, -   , -   , -   ,119,10,93,564,19,11-20 Hrs,39%,21%-40% premium hrs
102,551, -   , -   , -   ,251,23,131,955,32,21-40 Hrs,42%,Over 40% premium hrs
103,433, -   , -   , -   ,296,22,146,896,30,21-40 Hrs,52%,Over 40% premium hrs
104,253, -   , -   , -   ,224,12,87,576,19,11-20 Hrs,56%,Over 40% premium hrs
105,1701, -   , -   , -   ,592,71,417,2780,92,Over 60 Hrs,39%,21%-40% premium hrs
106,553, -   , -   , -   ,360,28,174,1115,37,21-40 Hrs,50%,Over 40% premium hrs
107,238, -   , -   , -   ,149,15,87,489,16,11-20 Hrs,51%,Over 40% premium hrs
108,328, -   , -   , -   ,239,13,100,679,22,21-40 Hrs,52%,Over 40% premium hrs
109,564, -   , -   , -   ,282,21,171,1038,34,21-40 Hrs,46%,Over 40% premium hrs
110,177, -   , -   , -   ,568,22,123,890,29,21-40 Hrs,80%,Over 40% premium hrs
111,938, -   , -   ,2,386,33,328,1691,56,41-60 Hrs,44%,Over 40% premium hrs
112,47, -   , -   , -   ,34,1,9,91,3,Under 5 Hrs,48%,Over 40% premium hrs
113,316, -   , -   , -   ,72,20,56,464,15,11-20 Hrs,32%,21%-40% premium hrs
114,60, -   , -   , -   ,30,1,24,115,4,Under 5 Hrs,48%,Over 40% premium hrs
115,35, -   , -   , -   ,57,2, -   ,94,3,Under 5 Hrs,63%,Over 40% premium hrs
116,1049, -   , -   , -   ,356,43,247,1694,56,41-60 Hrs,38%,21%-40% premium hrs
117,263, -   , -   , -   ,89,6,85,442,15,11-20 Hrs,41%,Over 40% premium hrs
118,195, -   , -   , -   ,179,5,20,398,13,11-20 Hrs,51%,Over 40% premium hrs
119,357, -   , -   , -   ,145,12,85,598,20,11-20 Hrs,40%,21%-40% premium hrs
120,1366, -   , -   , -   ,533,54,261,2213,73,Over 60 Hrs,38%,21%-40% premium hrs
121,139, -   , -   , -   , -   ,1,48,188,6,6-10 Hrs,26%,21%-40% premium hrs
122,98, -   , -   , -   ,49,5,32,183,6,6-10 Hrs,47%,Over 40% premium hrs
123,530, -   , -   , -   ,301,24,112,967,32,21-40 Hrs,45%,Over 40% premium hrs
124,206, -   , -   , -   ,211,7,1,425,14,11-20 Hrs,52%,Over 40% premium hrs
125,712, -   , -   , -   ,174,41,130,1056,35,21-40 Hrs,33%,21%-40% premium hrs
126,119, -   , -   , -   , -   ,3,37,159,5,Under 5 Hrs,25%,21%-40% premium hrs
127,173, -   , -   , -   ,76,6,39,294,10,6-10 Hrs,41%,Over 40% premium hrs
128,37, -   , -   , -   , -   ,2,9,48,2,Under 5 Hrs,22%,21%-40% premium hrs
129,263, -   , -   , -   ,99,13,86,461,15,11-20 Hrs,43%,Over 40% premium hrs
130,590, -   , -   , -   ,229,59,299,1177,39,21-40 Hrs,50%,Over 40% premium hrs
131,197, -   , -   , -   ,158,13, -   ,367,12,11-20 Hrs,46%,Over 40% premium hrs
132,954, -   , -   , -   ,357,36,231,1578,52,41-60 Hrs,40%,21%-40% premium hrs
133,204, -   , -   , -   ,172,10,58,443,15,11-20 Hrs,54%,Over 40% premium hrs
134,74, -   , -   , -   ,269,5,25,372,12,11-20 Hrs,80%,Over 40% premium hrs
135,793, -   , -   , -   ,319,36,127,1275,42,41-60 Hrs,38%,21%-40% premium hrs
136,716, -   , -   , -   ,68,24,168,975,32,21-40 Hrs,27%,21%-40% premium hrs
137,429, -   , -   , -   ,430,24,116,999,33,21-40 Hrs,57%,Over 40% premium hrs
138,26, -   , -   , -   ,26,3, -   ,55,2,Under 5 Hrs,53%,Over 40% premium hrs
139,96, -   , -   , -   , -   , -   ,90,186,6,6-10 Hrs,48%,Over 40% premium hrs
140,707, -   , -   , -   ,332,29,173,1241,41,41-60 Hrs,43%,Over 40% premium hrs
141,15, -   , -   , -   , -   , -   ,5,20,1,Under 5 Hrs,25%,21%-40% premium hrs
142,224, -   , -   , -   ,174,11,58,466,15,11-20 Hrs,52%,Over 40% premium hrs
143,57, -   , -   , -   ,92, -   ,2,151,5,Under 5 Hrs,62%,Over 40% premium hrs
144,357, -   , -   , -   ,177,15,87,636,21,21-40 Hrs,44%,Over 40% premium hrs
145,1771, -   , -   , -   ,527,66,360,2723,90,Over 60 Hrs,35%,21%-40% premium hrs
146,126, -   , -   , -   ,80, -   ,13,219,7,6-10 Hrs,42%,Over 40% premium hrs
147,1015, -   , -   , -   ,206,35,190,1446,48,41-60 Hrs,30%,21%-40% premium hrs
148,190, -   , -   , -   ,149,6, -   ,345,11,11-20 Hrs,45%,Over 40% premium hrs
149,487, -   , -   , -   ,91,25,114,717,24,21-40 Hrs,32%,21%-40% premium hrs
150,56, -   , -   , -   ,32,3, -   ,91,3,Under 5 Hrs,38%,21%-40% premium hrs
151,743, -   , -   , -   ,135,25,139,1042,34,21-40 Hrs,29%,21%-40% premium hrs
152,143, -   , -   , -   ,36,7,52,238,8,6-10 Hrs,40%,21%-40% premium hrs
153,826, -   , -   , -   ,356,29,188,1399,46,41-60 Hrs,41%,Over 40% premium hrs
154,1861, -   , -   , -   ,791,70,294,3016,100,Over 60 Hrs,38%,21%-40% premium hrs
155,343, -   , -   , -   ,86,12,73,514,17,11-20 Hrs,33%,21%-40% premium hrs
156,1303, -   , -   , -   ,571,50,186,2109,70,Over 60 Hrs,38%,21%-40% premium hrs
157,114, -   , -   , -   ,48, -   ,21,183,6,6-10 Hrs,38%,21%-40% premium hrs
158,1203, -   ,1, -   ,315,45,223,1791,59,41-60 Hrs,33%,21%-40% premium hrs
159,139, -   , -   , -   ,72,8, -   ,218,7,6-10 Hrs,36%,21%-40% premium hrs
160,123, -   , -   , -   ,41, -   ,25,189,6,6-10 Hrs,35%,21%-40% premium hrs
161,242, -   , -   , -   ,170,8,55,474,16,11-20 Hrs,49%,Over 40% premium hrs
162,84, -   , -   , -   , -   ,2,28,114,4,Under 5 Hrs,26%,21%-40% premium hrs
163,63, -   , -   , -   ,33,3,52,150,5,Under 5 Hrs,58%,Over 40% premium hrs
164,326, -   , -   , -   ,90,9,58,482,16,11-20 Hrs,32%,21%-40% premium hrs
165,1653, -   , -   , -   ,261,55,319,2288,76,Over 60 Hrs,28%,21%-40% premium hrs
166,406, -   , -   , -   , -   ,5,145,556,18,11-20 Hrs,27%,21%-40% premium hrs
167,310, -   , -   , -   ,174,8,57,550,18,11-20 Hrs,44%,Over 40% premium hrs
168,44, -   , -   , -   ,117, -   , -   ,161,5,Under 5 Hrs,73%,Over 40% premium hrs
169,1142, -   , -   , -   ,389,48,194,1773,59,41-60 Hrs,36%,21%-40% premium hrs
170,856, -   , -   , -   ,271,30,174,1330,44,41-60 Hrs,36%,21%-40% premium hrs
171,362, -   , -   , -   ,333,16,112,823,27,21-40 Hrs,56%,Over 40% premium hrs
172,1128, -   , -   , -   ,340,29,237,1734,57,41-60 Hrs,35%,21%-40% premium hrs
173,328, -   , -   , -   ,124,12,61,525,17,11-20 Hrs,38%,21%-40% premium hrs
174,355, -   , -   , -   , -   ,14,88,457,15,11-20 Hrs,22%,21%-40% premium hrs
175,320, -   , -   , -   ,65,13,42,440,15,11-20 Hrs,27%,21%-40% premium hrs
176,373, -   , -   , -   ,216,12, -   ,600,20,11-20 Hrs,38%,21%-40% premium hrs
177,176, -   , -   , -   ,15,7,29,226,7,6-10 Hrs,22%,21%-40% premium hrs
178,667, -   , -   , -   ,137,22,130,954,32,21-40 Hrs,30%,21%-40% premium hrs
179,627, -   , -   , -   ,135,20,123,905,30,21-40 Hrs,31%,21%-40% premium hrs
180,269, -   , -   , -   ,189,13,68,538,18,11-20 Hrs,50%,Over 40% premium hrs
181,83, -   , -   , -   ,13,8, -   ,104,3,Under 5 Hrs,20%,11%-20% premium hrs
182,1574, -   ,1,194,699,70,410,3339,110,Over 60 Hrs,35%,21%-40% premium hrs
183,182, -   , -   , -   , -   ,6,52,240,8,6-10 Hrs,24%,21%-40% premium hrs
184,329, -   , -   , -   ,383,31,116,859,28,21-40 Hrs,62%,Over 40% premium hrs
185,701, -   , -   ,210,703,42,147,2222,73,Over 60 Hrs,40%,21%-40% premium hrs
186,25, -   , -   , -   , -   ,3, -   ,28,1,Under 5 Hrs,11%,11%-20% premium hrs
187,50, -   , -   , -   , -   ,6, -   ,56,2,Under 5 Hrs,11%,11%-20% premium hrs
188,50, -   , -   , -   , -   ,6, -   ,56,2,Under 5 Hrs,11%,11%-20% premium hrs
189,100, -   , -   , -   , -   ,12, -   ,112,4,Under 5 Hrs,11%,11%-20% premium hrs
190,336, -   , -   , -   ,271,17,60,684,23,21-40 Hrs,51%,Over 40% premium hrs
191,490, -   , -   , -   ,215,19,119,842,28,21-40 Hrs,42%,Over 40% premium hrs
192,51, -   , -   , -   , -   ,6, -   ,57,2,Under 5 Hrs,11%,11%-20% premium hrs
193,135, -   , -   , -   ,155,6, -   ,295,10,6-10 Hrs,54%,Over 40% premium hrs
194,929, -   , -   ,153,530,29,191,2138,71,Over 60 Hrs,35%,21%-40% premium hrs
195,1020, -   ,34, -   ,658,62,325,2235,74,Over 60 Hrs,47%,Over 40% premium hrs
196,528, -   , -   , -   ,241,23,103,895,30,21-40 Hrs,41%,Over 40% premium hrs
197,311, -   , -   , -   , -   ,11,65,386,13,11-20 Hrs,20%,11%-20% premium hrs
198,2105, -   ,64,130,980,96,618,4508,149,Over 60 Hrs,38%,21%-40% premium hrs
199,200, -   , -   , -   , -   ,6,43,248,8,6-10 Hrs,19%,11%-20% premium hrs
200,620, -   , -   , -   ,364,31,117,1131,37,21-40 Hrs,45%,Over 40% premium hrs
201,53, -   , -   , -   ,37, -   , -   ,90,3,Under 5 Hrs,41%,Over 40% premium hrs
202,302, -   , -   , -   ,150,13,46,511,17,11-20 Hrs,41%,Over 40% premium hrs
203,411, -   , -   , -   ,320,23,161,914,30,21-40 Hrs,55%,Over 40% premium hrs
204,107, -   , -   , -   , -   ,12, -   ,119,4,Under 5 Hrs,10%,1%-10% premium hrs
205,236, -   , -   , -   , -   ,4,112,352,12,11-20 Hrs,33%,21%-40% premium hrs
206,614, -   , -   , -   ,142,21,111,887,29,21-40 Hrs,31%,21%-40% premium hrs
207,32, -   , -   , -   , -   , -   ,8,40,1,Under 5 Hrs,20%,11%-20% premium hrs
208,822, -   , -   , -   ,305,32,163,1322,44,41-60 Hrs,38%,21%-40% premium hrs
209,207, -   , -   , -   ,86,14,27,334,11,11-20 Hrs,38%,21%-40% premium hrs
210,404, -   ,3, -   ,479,18,98,1014,33,21-40 Hrs,59%,Over 40% premium hrs
211,142, -   , -   , -   ,4,7,30,182,6,6-10 Hrs,22%,21%-40% premium hrs
212,231, -   , -   , -   ,87,3,18,339,11,11-20 Hrs,32%,21%-40% premium hrs
213,54, -   , -   , -   , -   ,6, -   ,60,2,Under 5 Hrs,10%,1%-10% premium hrs
214,436, -   , -   , -   , -   ,12,98,546,18,11-20 Hrs,20%,11%-20% premium hrs
215,616, -   , -   , -   ,121,14,81,832,27,21-40 Hrs,26%,21%-40% premium hrs
216,89, -   , -   , -   ,56, -   , -   ,145,5,Under 5 Hrs,39%,21%-40% premium hrs
217,447, -   , -   , -   ,316,13,108,884,29,21-40 Hrs,49%,Over 40% premium hrs
218,172, -   , -   , -   ,1,5,29,207,7,6-10 Hrs,17%,11%-20% premium hrs
219,516, -   , -   , -   ,31,17,87,650,21,21-40 Hrs,21%,21%-40% premium hrs
220,158, -   , -   , -   ,22,5,27,212,7,6-10 Hrs,26%,21%-40% premium hrs
221,68, -   , -   , -   ,280,5, -   ,352,12,11-20 Hrs,81%,Over 40% premium hrs
222,254, -   , -   , -   ,32,7,57,350,12,11-20 Hrs,27%,21%-40% premium hrs
223,373, -   , -   , -   ,85,11,29,497,16,11-20 Hrs,25%,21%-40% premium hrs
224,320, -   , -   , -   ,14,7,53,394,13,11-20 Hrs,19%,11%-20% premium hrs
225,353, -   , -   , -   ,2,10,58,422,14,11-20 Hrs,16%,11%-20% premium hrs
226,320, -   , -   , -   ,24,10,58,413,14,11-20 Hrs,22%,21%-40% premium hrs
227,282, -   , -   , -   , -   ,7,42,330,11,11-20 Hrs,15%,11%-20% premium hrs
228,112, -   , -   , -   ,106,3, -   ,221,7,6-10 Hrs,49%,Over 40% premium hrs
229,1095, -   ,2, -   ,269,37,149,1560,52,41-60 Hrs,29%,21%-40% premium hrs
230,178, -   , -   , -   , -   ,5,29,212,7,6-10 Hrs,16%,11%-20% premium hrs
231,1405, -   , -   ,210,711,61,345,3151,104,Over 60 Hrs,35%,21%-40% premium hrs
232,476, -   , -   , -   ,4,12,78,570,19,11-20 Hrs,16%,11%-20% premium hrs
233,121, -   , -   , -   , -   ,4,18,143,5,Under 5 Hrs,15%,11%-20% premium hrs
234,181, -   , -   , -   ,85,8,50,323,11,11-20 Hrs,44%,Over 40% premium hrs
235,445, -   , -   , -   , -   ,12,73,529,17,11-20 Hrs,16%,11%-20% premium hrs
236,1693, -   , -   , -   ,16,48,316,2073,68,Over 60 Hrs,18%,11%-20% premium hrs
237,286, -   , -   , -   ,219,10, -   ,514,17,11-20 Hrs,44%,Over 40% premium hrs
238,103, -   , -   , -   , -   ,10, -   ,113,4,Under 5 Hrs,9%,1%-10% premium hrs
239,124, -   , -   , -   ,1,12, -   ,137,5,Under 5 Hrs,9%,1%-10% premium hrs
240,575, -   , -   , -   ,295,26,121,1017,34,21-40 Hrs,43%,Over 40% premium hrs
241,1524, -   , -   , -   ,495,55,202,2277,75,Over 60 Hrs,33%,21%-40% premium hrs
242,1138, -   , -   , -   ,2,33,172,1344,44,41-60 Hrs,15%,11%-20% premium hrs
243,718, -   , -   , -   ,178,25,145,1066,35,21-40 Hrs,33%,21%-40% premium hrs
244,622, -   , -   , -   ,257,25,129,1032,34,21-40 Hrs,40%,21%-40% premium hrs
245,1430, -   , -   , -   ,211,49,260,1949,64,Over 60 Hrs,27%,21%-40% premium hrs
246,626, -   , -   , -   ,87,21,52,785,26,21-40 Hrs,20%,11%-20% premium hrs
247,483, -   , -   , -   ,162,19,79,742,25,21-40 Hrs,35%,21%-40% premium hrs
248,269, -   , -   , -   , -   ,9,71,349,12,11-20 Hrs,23%,21%-40% premium hrs
249,380, -   , -   , -   ,32,10,71,493,16,11-20 Hrs,23%,21%-40% premium hrs
250,361, -   , -   , -   ,183,18,21,582,19,11-20 Hrs,38%,21%-40% premium hrs
251,194, -   , -   , -   , -   ,9,25,228,8,6-10 Hrs,15%,11%-20% premium hrs
252,32, -   , -   , -   ,37,1,1,71,2,Under 5 Hrs,55%,Over 40% premium hrs
253,676, -   , -   , -   ,241,27,97,1040,34,21-40 Hrs,35%,21%-40% premium hrs
254,127, -   , -   , -   ,14,9, -   ,150,5,Under 5 Hrs,16%,11%-20% premium hrs
255,46, -   , -   , -   , -   , -   ,14,60,2,Under 5 Hrs,24%,21%-40% premium hrs
256,824, -   , -   , -   ,115,23,81,1043,34,21-40 Hrs,21%,21%-40% premium hrs
257,354, -   , -   , -   ,2,8,52,416,14,11-20 Hrs,15%,11%-20% premium hrs
258,316, -   , -   , -   ,86,8,52,462,15,11-20 Hrs,32%,21%-40% premium hrs
259,1080, -   ,19, -   ,396,35,167,1773,59,41-60 Hrs,34%,21%-40% premium hrs
260,505, -   , -   , -   , -   ,6,136,647,21,21-40 Hrs,22%,21%-40% premium hrs
261,471, -   , -   , -   ,132,18,67,687,23,21-40 Hrs,31%,21%-40% premium hrs
262,467, -   ,39,56,561,19,177,1586,52,41-60 Hrs,48%,Over 40% premium hrs
263,256, -   , -   , -   ,80,6,57,399,13,11-20 Hrs,36%,21%-40% premium hrs
264,181, -   , -   , -   ,53,8, -   ,241,8,6-10 Hrs,25%,21%-40% premium hrs
265,329, -   , -   , -   ,145,10,72,556,18,11-20 Hrs,41%,Over 40% premium hrs
266,732, -   , -   , -   ,56,19,108,914,30,21-40 Hrs,20%,11%-20% premium hrs
267,758, -   , -   , -   ,237,25,81,1101,36,21-40 Hrs,31%,21%-40% premium hrs
268,302, -   , -   , -   ,70,3,39,413,14,11-20 Hrs,27%,21%-40% premium hrs
269,1288, -   , -   , -   ,476,47,205,2016,67,Over 60 Hrs,36%,21%-40% premium hrs
270,120, -   , -   , -   ,66, -   ,4,190,6,6-10 Hrs,37%,21%-40% premium hrs
271,232, -   , -   , -   ,13,8,28,281,9,6-10 Hrs,17%,11%-20% premium hrs
272,510, -   , -   , -   ,113,15,82,720,24,21-40 Hrs,29%,21%-40% premium hrs
273,519, -   , -   , -   ,48,10,89,666,22,21-40 Hrs,22%,21%-40% premium hrs
274,178, -   , -   , -   ,1,4,30,212,7,6-10 Hrs,16%,11%-20% premium hrs
275,1081, -   , -   , -   ,280,39,89,1489,49,41-60 Hrs,27%,21%-40% premium hrs
276,501, -   , -   , -   ,182,19,87,789,26,21-40 Hrs,36%,21%-40% premium hrs
277,99, -   , -   , -   ,4, -   ,22,124,4,Under 5 Hrs,21%,21%-40% premium hrs
278,490, -   , -   , -   , -   ,14,56,560,18,11-20 Hrs,13%,11%-20% premium hrs
279,426, -   , -   , -   ,107,17, -   ,550,18,11-20 Hrs,23%,21%-40% premium hrs
280,431, -   , -   , -   ,159,17,28,635,21,21-40 Hrs,32%,21%-40% premium hrs
281,524, -   , -   , -   ,147,10,144,824,27,21-40 Hrs,36%,21%-40% premium hrs
282,268, -   , -   , -   , -   ,8,44,319,11,11-20 Hrs,16%,11%-20% premium hrs
283,477, -   , -   , -   ,39,18,188,721,24,21-40 Hrs,34%,21%-40% premium hrs
284,1706, -   , -   ,92,633,63,373,3051,101,Over 60 Hrs,35%,21%-40% premium hrs
285,683, -   , -   , -   ,108,27,99,916,30,21-40 Hrs,25%,21%-40% premium hrs
286,1580, -   , -   , -   ,67,59,295,2001,66,Over 60 Hrs,21%,21%-40% premium hrs
287,186, -   , -   , -   ,38,6,35,265,9,6-10 Hrs,30%,21%-40% premium hrs
288,153, -   , -   , -   , -   ,12, -   ,165,5,Under 5 Hrs,7%,1%-10% premium hrs
289,165, -   , -   , -   ,1,5,28,199,7,6-10 Hrs,17%,11%-20% premium hrs
290,242, -   , -   , -   ,68,6, -   ,315,10,6-10 Hrs,23%,21%-40% premium hrs
291,368, -   , -   , -   ,142,8,6,524,17,11-20 Hrs,30%,21%-40% premium hrs
292,432, -   , -   , -   ,17,18,85,552,18,11-20 Hrs,22%,21%-40% premium hrs
293,210, -   , -   , -   ,19,8,27,263,9,6-10 Hrs,20%,11%-20% premium hrs
294,274, -   , -   , -   , -   ,4,57,335,11,11-20 Hrs,18%,11%-20% premium hrs
295,182, -   , -   , -   ,103, -   ,12,297,10,6-10 Hrs,39%,21%-40% premium hrs
296,621, -   , -   , -   ,205,22,1,849,28,21-40 Hrs,27%,21%-40% premium hrs
297,815, -   , -   , -   ,357,38,146,1356,45,41-60 Hrs,40%,21%-40% premium hrs
298,20, -   , -   , -   ,21, -   , -   ,41,1,Under 5 Hrs,51%,Over 40% premium hrs
299,654, -   , -   , -   ,302,26,102,1083,36,21-40 Hrs,40%,21%-40% premium hrs
300,281, -   , -   , -   , -   ,9,28,317,10,6-10 Hrs,12%,11%-20% premium hrs
301,327, -   , -   , -   ,27,8,59,421,14,11-20 Hrs,22%,21%-40% premium hrs
302,305, -   , -   , -   ,0,6,42,354,12,11-20 Hrs,14%,11%-20% premium hrs
303,673, -   ,8,205,359,26,163,1875,62,Over 60 Hrs,29%,21%-40% premium hrs
304,356, -   , -   , -   ,1,10,56,423,14,11-20 Hrs,16%,11%-20% premium hrs
305,419, -   , -   , -   ,85,15,83,601,20,11-20 Hrs,30%,21%-40% premium hrs
306,706, -   , -   , -   ,127,27,51,911,30,21-40 Hrs,22%,21%-40% premium hrs
307,281, -   ,1, -   ,39,20,12,357,12,11-20 Hrs,20%,11%-20% premium hrs
308,1095, -   , -   , -   ,351,37,197,1679,55,41-60 Hrs,35%,21%-40% premium hrs
309,711, -   , -   , -   , -   ,19,73,802,26,21-40 Hrs,11%,11%-20% premium hrs
310,480, -   , -   , -   ,34,16,29,558,18,11-20 Hrs,14%,11%-20% premium hrs
311,884, -   , -   , -   ,2,21,173,1080,36,21-40 Hrs,18%,11%-20% premium hrs
312,219, -   , -   , -   ,70, -   ,5,293,10,6-10 Hrs,25%,21%-40% premium hrs
313,327, -   , -   , -   ,173,12,85,597,20,11-20 Hrs,45%,Over 40% premium hrs
314,146, -   , -   , -   ,58, -   , -   ,204,7,6-10 Hrs,28%,21%-40% premium hrs
315,100, -   , -   , -   ,82,5,28,214,7,6-10 Hrs,53%,Over 40% premium hrs
316,158, -   , -   , -   ,4,4,15,181,6,6-10 Hrs,13%,11%-20% premium hrs
317,121, -   , -   , -   ,42,4,1,167,6,6-10 Hrs,28%,21%-40% premium hrs
318,492, -   ,51,123,255,37,223,1631,54,41-60 Hrs,32%,21%-40% premium hrs
319,1042, -   ,2, -   ,179,22,210,1463,48,41-60 Hrs,28%,21%-40% premium hrs
320,110, -   , -   , -   ,112, -   , -   ,222,7,6-10 Hrs,50%,Over 40% premium hrs
321,63, -   , -   , -   , -   ,1,8,72,2,Under 5 Hrs,13%,11%-20% premium hrs
322,1032, -   , -   , -   ,91,33,201,1356,45,41-60 Hrs,24%,21%-40% premium hrs
323,556, -   , -   , -   , -   ,15,78,649,21,21-40 Hrs,14%,11%-20% premium hrs
324,173, -   , -   , -   , -   ,5,29,207,7,6-10 Hrs,16%,11%-20% premium hrs
325,162, -   , -   , -   , -   ,5,14,181,6,6-10 Hrs,10%,1%-10% premium hrs
326,841, -   , -   , -   ,89,26,29,984,32,21-40 Hrs,15%,11%-20% premium hrs
327,274, -   , -   , -   , -   ,6,27,307,10,6-10 Hrs,11%,11%-20% premium hrs
328,1133, -   , -   , -   ,66,22,101,1322,44,41-60 Hrs,14%,11%-20% premium hrs
329,780, -   , -   , -   ,327,20,116,1242,41,41-60 Hrs,37%,21%-40% premium hrs
330,22, -   , -   , -   , -   , -   ,8,29,1,Under 5 Hrs,26%,21%-40% premium hrs
331,902, -   , -   , -   , -   ,25,146,1073,35,21-40 Hrs,16%,11%-20% premium hrs
332,530, -   , -   , -   , -   ,13,86,628,21,21-40 Hrs,16%,11%-20% premium hrs
333,519, -   , -   , -   ,88,15,45,665,22,21-40 Hrs,22%,21%-40% premium hrs
334,118, -   , -   , -   ,59,9, -   ,186,6,6-10 Hrs,37%,21%-40% premium hrs
335,795, -   , -   , -   ,177,23,145,1140,38,21-40 Hrs,30%,21%-40% premium hrs
336,1537, -   ,3,3,384,46,199,2190,72,Over 60 Hrs,29%,21%-40% premium hrs
337,160, -   , -   , -   ,121,3, -   ,284,9,6-10 Hrs,44%,Over 40% premium hrs
338,1167, -   , -   , -   ,131,38,196,1531,51,41-60 Hrs,24%,21%-40% premium hrs
339,89, -   , -   , -   ,28, -   ,1,117,4,Under 5 Hrs,24%,21%-40% premium hrs
340,2408, -   ,13, -   ,566,78,412,3528,116,Over 60 Hrs,30%,21%-40% premium hrs
341,844, -   , -   , -   ,60,18,120,1042,34,21-40 Hrs,19%,11%-20% premium hrs
342,753, -   , -   , -   ,0,17,117,887,29,21-40 Hrs,15%,11%-20% premium hrs
343,631, -   , -   , -   ,181,15,93,919,30,21-40 Hrs,31%,21%-40% premium hrs
344,598, -   , -   , -   , -   ,14,119,730,24,21-40 Hrs,18%,11%-20% premium hrs
345,178, -   , -   , -   , -   ,5,29,212,7,6-10 Hrs,16%,11%-20% premium hrs
346,417, -   , -   , -   ,79,10,46,552,18,11-20 Hrs,24%,21%-40% premium hrs
347,624, -   , -   , -   , -   ,18,101,742,25,21-40 Hrs,16%,11%-20% premium hrs
348,110, -   , -   , -   , -   ,7, -   ,117,4,Under 5 Hrs,6%,1%-10% premium hrs
349,401, -   , -   ,2,169,5,4,585,19,11-20 Hrs,30%,21%-40% premium hrs
350,518, -   , -   , -   , -   ,12,82,612,20,11-20 Hrs,15%,11%-20% premium hrs
351,200, -   , -   , -   ,2,6,15,222,7,6-10 Hrs,10%,1%-10% premium hrs
352,367, -   , -   , -   ,191,13,29,599,20,11-20 Hrs,39%,21%-40% premium hrs
353,52, -   , -   , -   ,16, -   , -   ,68,2,Under 5 Hrs,24%,21%-40% premium hrs
354,55, -   , -   , -   , -   ,3,1,59,2,Under 5 Hrs,7%,1%-10% premium hrs
355,1398, -   , -   , -   ,144,40,236,1818,60,41-60 Hrs,23%,21%-40% premium hrs
356,449, -   , -   , -   , -   ,11,58,518,17,11-20 Hrs,13%,11%-20% premium hrs
357,154, -   , -   , -   ,88,3,23,267,9,6-10 Hrs,43%,Over 40% premium hrs
358,703, -   , -   , -   ,95,22,114,933,31,21-40 Hrs,25%,21%-40% premium hrs
359,701, -   ,4, -   ,97,29,13,859,28,21-40 Hrs,16%,11%-20% premium hrs
360,707, -   , -   , -   ,161,13,72,952,31,21-40 Hrs,26%,21%-40% premium hrs
361,1179, -   , -   , -   ,55,29,95,1357,45,41-60 Hrs,13%,11%-20% premium hrs
362,359, -   ,2,3,54,5,24,461,15,11-20 Hrs,18%,11%-20% premium hrs
363,954, -   , -   , -   ,3,24,125,1105,36,21-40 Hrs,14%,11%-20% premium hrs
364,12, -   ,2, -   ,17, -   ,6,45,1,Under 5 Hrs,52%,Over 40% premium hrs
365,197, -   , -   , -   ,39,9, -   ,245,8,6-10 Hrs,20%,11%-20% premium hrs
366,81, -   , -   , -   , -   , -   , -   ,81,3,Under 5 Hrs,0%,No premium hrs
367,1022, -   , -   , -   ,138,33, -   ,1193,39,21-40 Hrs,14%,11%-20% premium hrs
368,242, -   , -   , -   ,1,4,28,276,9,6-10 Hrs,12%,11%-20% premium hrs
369,524, -   , -   , -   ,122,16, -   ,661,22,21-40 Hrs,21%,21%-40% premium hrs
370,615, -   , -   , -   ,74,8,113,810,27,21-40 Hrs,24%,21%-40% premium hrs
371,153, -   , -   , -   , -   ,11, -   ,163,5,Under 5 Hrs,6%,1%-10% premium hrs
372,415, -   , -   , -   ,178,14,58,664,22,21-40 Hrs,38%,21%-40% premium hrs
373,155, -   , -   , -   ,67, -   , -   ,222,7,6-10 Hrs,30%,21%-40% premium hrs
374,292, -   , -   , -   ,113,20,3,427,14,11-20 Hrs,32%,21%-40% premium hrs
375,1665, -   , -   , -   ,573,42,36,2315,76,Over 60 Hrs,28%,21%-40% premium hrs
376,816, -   , -   , -   ,349,24, -   ,1189,39,21-40 Hrs,31%,21%-40% premium hrs
377,119, -   , -   , -   ,16,2,18,154,5,Under 5 Hrs,23%,21%-40% premium hrs
378,104, -   , -   , -   , -   ,6, -   ,110,4,Under 5 Hrs,5%,1%-10% premium hrs
379,593, -   , -   , -   ,1,16,87,696,23,21-40 Hrs,15%,11%-20% premium hrs
380,25, -   , -   , -   , -   ,2, -   ,27,1,Under 5 Hrs,7%,1%-10% premium hrs
381,177, -   , -   , -   , -   ,6,27,210,7,6-10 Hrs,16%,11%-20% premium hrs
382,257, -   , -   , -   ,75,5,26,362,12,11-20 Hrs,29%,21%-40% premium hrs
383,267, -   , -   , -   ,59,7,29,362,12,11-20 Hrs,26%,21%-40% premium hrs
384,41, -   , -   , -   ,15, -   , -   ,56,2,Under 5 Hrs,26%,21%-40% premium hrs
385,105, -   , -   , -   , -   ,6, -   ,111,4,Under 5 Hrs,5%,1%-10% premium hrs
386,206, -   , -   , -   ,30,8,57,300,10,6-10 Hrs,32%,21%-40% premium hrs
387,653, -   , -   , -   , -   ,13,75,741,24,21-40 Hrs,12%,11%-20% premium hrs
388,276, -   , -   , -   ,2,9,13,300,10,6-10 Hrs,8%,1%-10% premium hrs
389,303, -   , -   , -   ,4,7,43,357,12,11-20 Hrs,15%,11%-20% premium hrs
390,386, -   , -   , -   ,1,13,54,454,15,11-20 Hrs,15%,11%-20% premium hrs
391,186, -   ,46,22,299,10,137,929,31,21-40 Hrs,48%,Over 40% premium hrs
392,322, -   , -   , -   ,59,12,43,436,14,11-20 Hrs,26%,21%-40% premium hrs
393,402, -   , -   , -   , -   ,11,32,445,15,11-20 Hrs,10%,1%-10% premium hrs
394,373, -   , -   , -   ,75,6, -   ,453,15,11-20 Hrs,18%,11%-20% premium hrs
395,243, -   , -   , -   ,38,9, -   ,290,10,6-10 Hrs,16%,11%-20% premium hrs
396,993, -   , -   , -   ,183,30,176,1381,46,41-60 Hrs,28%,21%-40% premium hrs
397,166, -   , -   , -   , -   ,9, -   ,175,6,6-10 Hrs,5%,1%-10% premium hrs
398,1021, -   , -   , -   ,72,29,101,1222,40,21-40 Hrs,16%,11%-20% premium hrs
399,96, -   , -   , -   ,22,1, -   ,119,4,Under 5 Hrs,19%,11%-20% premium hrs
400,438, -   , -   , -   ,289,14,19,761,25,21-40 Hrs,42%,Over 40% premium hrs
401,56, -   , -   , -   , -   ,3, -   ,59,2,Under 5 Hrs,5%,1%-10% premium hrs
402,160, -   , -   , -   ,41, -   , -   ,200,7,6-10 Hrs,20%,11%-20% premium hrs
403,198, -   , -   , -   ,29,8, -   ,235,8,6-10 Hrs,16%,11%-20% premium hrs
404,42, -   , -   , -   ,36, -   , -   ,78,3,Under 5 Hrs,46%,Over 40% premium hrs
405,1800, -   ,31,180,701,70,407,3673,121,Over 60 Hrs,32%,21%-40% premium hrs
406,539, -   , -   , -   , -   ,10,60,608,20,11-20 Hrs,11%,11%-20% premium hrs
407,107, -   , -   , -   ,15,6,8,136,4,Under 5 Hrs,21%,21%-40% premium hrs
408,116, -   , -   , -   , -   ,6, -   ,122,4,Under 5 Hrs,5%,1%-10% premium hrs
409,294, -   , -   , -   ,1,15, -   ,309,10,6-10 Hrs,5%,1%-10% premium hrs
410,410, -   , -   , -   , -   ,11,56,477,16,11-20 Hrs,14%,11%-20% premium hrs
411,715, -   ,9, -   ,71,8,82,921,30,21-40 Hrs,17%,11%-20% premium hrs
412,292, -   , -   , -   ,0,12,28,332,11,11-20 Hrs,12%,11%-20% premium hrs
413,4, -   , -   , -   ,2, -   , -   ,6,0,Under 5 Hrs,36%,21%-40% premium hrs
414,105, -   , -   , -   ,30,3, -   ,138,5,Under 5 Hrs,24%,21%-40% premium hrs
415,71, -   , -   , -   ,42, -   , -   ,113,4,Under 5 Hrs,37%,21%-40% premium hrs
416,162, -   , -   , -   , -   ,9, -   ,170,6,6-10 Hrs,5%,1%-10% premium hrs
417,519, -   , -   , -   , -   ,14,56,589,19,11-20 Hrs,12%,11%-20% premium hrs
418,475, -   , -   , -   ,68,16,29,587,19,11-20 Hrs,19%,11%-20% premium hrs
419,478, -   , -   , -   ,118,12, -   ,608,20,11-20 Hrs,21%,21%-40% premium hrs
420,81, -   , -   , -   , -   ,9, -   ,90,3,Under 5 Hrs,10%,1%-10% premium hrs
421,249, -   , -   , -   , -   ,7,23,279,9,6-10 Hrs,11%,11%-20% premium hrs
422,770, -   , -   , -   ,50,23,123,966,32,21-40 Hrs,20%,11%-20% premium hrs
423,896, -   , -   , -   ,2,25,150,1073,35,21-40 Hrs,17%,11%-20% premium hrs
424,318, -   , -   , -   ,11,8,11,348,11,11-20 Hrs,9%,1%-10% premium hrs
425,243, -   , -   , -   , -   ,9,5,257,8,6-10 Hrs,5%,1%-10% premium hrs
426,710, -   , -   , -   ,1,17,117,844,28,21-40 Hrs,16%,11%-20% premium hrs
427,258, -   , -   , -   , -   ,8,42,308,10,6-10 Hrs,16%,11%-20% premium hrs
428,433, -   , -   , -   ,122,9, -   ,564,19,11-20 Hrs,23%,21%-40% premium hrs
429,243, -   , -   , -   ,35,2,9,288,10,6-10 Hrs,16%,11%-20% premium hrs
430,326, -   , -   , -   , -   ,2,46,374,12,11-20 Hrs,13%,11%-20% premium hrs
431,164, -   , -   , -   ,3,5,27,199,7,6-10 Hrs,18%,11%-20% premium hrs
432,44, -   , -   , -   , -   , -   ,24,68,2,Under 5 Hrs,35%,21%-40% premium hrs
433,133, -   , -   , -   , -   ,6, -   ,139,5,Under 5 Hrs,4%,1%-10% premium hrs
434,723, -   , -   , -   ,85,20, -   ,828,27,21-40 Hrs,13%,11%-20% premium hrs
435,505, -   , -   , -   ,76,12, -   ,593,20,11-20 Hrs,15%,11%-20% premium hrs
436,70, -   , -   , -   ,14, -   , -   ,84,3,Under 5 Hrs,17%,11%-20% premium hrs
437,150, -   , -   , -   ,30, -   , -   ,180,6,6-10 Hrs,17%,11%-20% premium hrs
438,448, -   , -   , -   , -   ,8,50,505,17,11-20 Hrs,11%,11%-20% premium hrs
439,400, -   , -   , -   ,1,11,74,485,16,11-20 Hrs,18%,11%-20% premium hrs
440,93, -   , -   , -   ,9,4,12,117,4,Under 5 Hrs,21%,21%-40% premium hrs
441,139, -   , -   , -   ,6,5,28,178,6,6-10 Hrs,22%,21%-40% premium hrs
442,385, -   , -   , -   ,0,9,29,423,14,11-20 Hrs,9%,1%-10% premium hrs
443,161, -   , -   , -   ,20,3,22,206,7,6-10 Hrs,22%,21%-40% premium hrs
444,145, -   , -   , -   , -   ,6, -   ,151,5,Under 5 Hrs,4%,1%-10% premium hrs
445,112, -   , -   , -   , -   ,8, -   ,120,4,Under 5 Hrs,6%,1%-10% premium hrs
446,207, -   , -   , -   ,147,9, -   ,363,12,11-20 Hrs,43%,Over 40% premium hrs
447,338, -   ,93,2,712,31,220,1772,58,41-60 Hrs,54%,Over 40% premium hrs
448,264, -   , -   , -   , -   ,6,27,296,10,6-10 Hrs,11%,11%-20% premium hrs
449,78, -   , -   , -   , -   ,9, -   ,87,3,Under 5 Hrs,10%,1%-10% premium hrs
450,727, -   ,115, -   ,335,55,369,2060,68,Over 60 Hrs,37%,21%-40% premium hrs
451,260, -   , -   , -   , -   ,11, -   ,271,9,6-10 Hrs,4%,1%-10% premium hrs
452,1264, -   , -   , -   , -   ,34,86,1383,46,41-60 Hrs,9%,1%-10% premium hrs
453,221, -   , -   , -   ,1,5,36,264,9,6-10 Hrs,16%,11%-20% premium hrs
454,365, -   , -   , -   ,113,12, -   ,490,16,11-20 Hrs,25%,21%-40% premium hrs
455,666, -   , -   , -   ,125,15,78,884,29,21-40 Hrs,25%,21%-40% premium hrs
456,1002, -   , -   , -   ,30,26,42,1099,36,21-40 Hrs,9%,1%-10% premium hrs
457,551, -   , -   , -   ,15,18,68,652,22,21-40 Hrs,15%,11%-20% premium hrs
458,1077, -   , -   , -   , -   ,30,58,1165,38,21-40 Hrs,8%,1%-10% premium hrs
459,255, -   , -   , -   , -   ,10, -   ,265,9,6-10 Hrs,4%,1%-10% premium hrs
460,747, -   , -   , -   ,1,25,28,801,26,21-40 Hrs,7%,1%-10% premium hrs
461,106, -   , -   , -   , -   ,4, -   ,110,4,Under 5 Hrs,4%,1%-10% premium hrs
462,198, -   , -   , -   ,11,5, -   ,214,7,6-10 Hrs,7%,1%-10% premium hrs
463,135, -   , -   , -   , -   ,5,20,160,5,Under 5 Hrs,16%,11%-20% premium hrs
464,409, -   , -   , -   , -   ,10,43,462,15,11-20 Hrs,11%,11%-20% premium hrs
465,246, -   , -   , -   , -   ,9, -   ,255,8,6-10 Hrs,4%,1%-10% premium hrs
466,440, -   ,2,105,190,10,27,992,33,21-40 Hrs,23%,21%-40% premium hrs
467,535, -   , -   , -   ,0,12,56,603,20,11-20 Hrs,11%,11%-20% premium hrs
468,708, -   , -   , -   ,1,21,113,843,28,21-40 Hrs,16%,11%-20% premium hrs
469,1929, -   , -   , -   ,664,80,383,3056,101,Over 60 Hrs,37%,21%-40% premium hrs
470,509, -   , -   , -   ,22,4,33,568,19,11-20 Hrs,10%,1%-10% premium hrs
471,288, -   , -   , -   ,84,2,20,394,13,11-20 Hrs,27%,21%-40% premium hrs
472,167, -   , -   , -   , -   ,6, -   ,173,6,6-10 Hrs,3%,1%-10% premium hrs
473,84, -   , -   , -   , -   ,3, -   ,87,3,Under 5 Hrs,3%,1%-10% premium hrs
474,416, -   , -   , -   ,56,12, -   ,484,16,11-20 Hrs,14%,11%-20% premium hrs
475,645, -   , -   , -   ,1,22,3,671,22,21-40 Hrs,4%,1%-10% premium hrs
476,190, -   , -   , -   ,55, -   , -   ,245,8,6-10 Hrs,22%,21%-40% premium hrs
477,172, -   , -   , -   , -   ,6, -   ,178,6,6-10 Hrs,3%,1%-10% premium hrs
478,586, -   , -   , -   , -   ,21, -   ,607,20,11-20 Hrs,3%,1%-10% premium hrs
479,88, -   , -   , -   , -   ,3, -   ,91,3,Under 5 Hrs,3%,1%-10% premium hrs
480,132, -   , -   , -   , -   ,5, -   ,137,5,Under 5 Hrs,3%,1%-10% premium hrs
481,551, -   , -   , -   ,1,8,38,597,20,11-20 Hrs,8%,1%-10% premium hrs
482,319, -   , -   , -   , -   ,12, -   ,331,11,11-20 Hrs,4%,1%-10% premium hrs
483,779, -   , -   , -   ,40,40,108,966,32,21-40 Hrs,19%,11%-20% premium hrs
484,292, -   , -   , -   ,4,9, -   ,305,10,6-10 Hrs,4%,1%-10% premium hrs
485,79, -   , -   , -   , -   ,9, -   ,88,3,Under 5 Hrs,10%,1%-10% premium hrs
486,60, -   , -   , -   , -   ,2, -   ,62,2,Under 5 Hrs,3%,1%-10% premium hrs
487,120, -   , -   , -   , -   ,4, -   ,124,4,Under 5 Hrs,3%,1%-10% premium hrs
488,728, -   , -   , -   ,3,20,102,852,28,21-40 Hrs,15%,11%-20% premium hrs
489,53, -   , -   , -   ,3,1, -   ,58,2,Under 5 Hrs,8%,1%-10% premium hrs
490,546, -   , -   , -   , -   ,14,72,631,21,21-40 Hrs,14%,11%-20% premium hrs
491,1170, -   , -   , -   ,62,30,45,1307,43,41-60 Hrs,10%,1%-10% premium hrs
492,229, -   , -   , -   , -   ,8, -   ,237,8,6-10 Hrs,3%,1%-10% premium hrs
493,62, -   , -   , -   , -   ,2, -   ,64,2,Under 5 Hrs,3%,1%-10% premium hrs
494,171, -   , -   , -   , -   ,6, -   ,177,6,6-10 Hrs,3%,1%-10% premium hrs
495,125, -   , -   , -   , -   ,4, -   ,129,4,Under 5 Hrs,3%,1%-10% premium hrs
496,125, -   , -   , -   , -   ,3,2,130,4,Under 5 Hrs,4%,1%-10% premium hrs
497,1179, -   ,4, -   ,94,17,49,1358,45,41-60 Hrs,12%,11%-20% premium hrs
498,76, -   , -   , -   ,11, -   , -   ,86,3,Under 5 Hrs,12%,11%-20% premium hrs
499,62, -   , -   , -   , -   ,2, -   ,64,2,Under 5 Hrs,3%,1%-10% premium hrs
500,133, -   , -   , -   ,2,10, -   ,145,5,Under 5 Hrs,8%,1%-10% premium hrs
501,446, -   , -   , -   ,4,18,90,557,18,11-20 Hrs,20%,11%-20% premium hrs
502,725, -   , -   , -   , -   ,20,120,865,29,21-40 Hrs,16%,11%-20% premium hrs
503,85, -   , -   , -   ,12, -   , -   ,96,3,Under 5 Hrs,12%,11%-20% premium hrs
504,33, -   , -   , -   , -   ,1, -   ,34,1,Under 5 Hrs,3%,1%-10% premium hrs
505,163, -   , -   , -   , -   ,5, -   ,168,6,6-10 Hrs,3%,1%-10% premium hrs
506,69, -   , -   , -   , -   ,9, -   ,78,3,Under 5 Hrs,12%,11%-20% premium hrs
507,562, -   , -   , -   ,331,26,60,979,32,21-40 Hrs,43%,Over 40% premium hrs
508,466, -   , -   , -   , -   ,16, -   ,482,16,11-20 Hrs,3%,1%-10% premium hrs
509,241, -   , -   , -   ,10,8, -   ,259,9,6-10 Hrs,7%,1%-10% premium hrs
510,504, -   , -   , -   ,19,12,72,607,20,11-20 Hrs,17%,11%-20% premium hrs
511,670, -   , -   , -   ,90,13, -   ,773,26,21-40 Hrs,13%,11%-20% premium hrs
512,282, -   , -   , -   ,108,14,1,404,13,11-20 Hrs,30%,21%-40% premium hrs
513,112, -   , -   , -   , -   ,3,28,143,5,Under 5 Hrs,22%,21%-40% premium hrs
514,124, -   , -   , -   ,16, -   , -   ,140,5,Under 5 Hrs,11%,11%-20% premium hrs
515,603, -   , -   , -   ,1,18,88,710,23,21-40 Hrs,15%,11%-20% premium hrs
516,138, -   , -   , -   , -   ,4, -   ,142,5,Under 5 Hrs,3%,1%-10% premium hrs
517,143, -   , -   , -   , -   ,4,1,148,5,Under 5 Hrs,3%,1%-10% premium hrs
518,139, -   , -   , -   , -   ,4, -   ,143,5,Under 5 Hrs,3%,1%-10% premium hrs
519,555, -   , -   , -   , -   ,21, -   ,576,19,11-20 Hrs,4%,1%-10% premium hrs
520,101, -   , -   , -   , -   ,3, -   ,104,3,Under 5 Hrs,3%,1%-10% premium hrs
521,481, -   , -   , -   ,107, -   , -   ,588,19,11-20 Hrs,18%,11%-20% premium hrs
522,264, -   , -   , -   ,23,5,37,329,11,11-20 Hrs,20%,11%-20% premium hrs
523,264, -   , -   , -   ,5,7, -   ,275,9,6-10 Hrs,4%,1%-10% premium hrs
524,794, -   , -   , -   , -   ,11,47,852,28,21-40 Hrs,7%,1%-10% premium hrs
525,1239, -   , -   , -   ,73,21, -   ,1333,44,41-60 Hrs,7%,1%-10% premium hrs
526,621, -   , -   , -   , -   ,28, -   ,648,21,21-40 Hrs,4%,1%-10% premium hrs
527,495, -   , -   , -   ,43,13,30,580,19,11-20 Hrs,15%,11%-20% premium hrs
528,1491, -   , -   , -   ,4,12,144,1651,55,41-60 Hrs,10%,1%-10% premium hrs
529,107, -   , -   , -   , -   ,3, -   ,110,4,Under 5 Hrs,3%,1%-10% premium hrs
530,585, -   , -   , -   ,1,15,87,687,23,21-40 Hrs,15%,11%-20% premium hrs
531,145, -   , -   , -   ,1,4, -   ,150,5,Under 5 Hrs,3%,1%-10% premium hrs
532,369, -   , -   , -   , -   ,15, -   ,384,13,11-20 Hrs,4%,1%-10% premium hrs
533,54, -   , -   , -   , -   ,4, -   ,58,2,Under 5 Hrs,7%,1%-10% premium hrs
534,1008, -   , -   , -   ,22,32,131,1193,39,21-40 Hrs,15%,11%-20% premium hrs
535,628, -   , -   , -   ,17,15,90,750,25,21-40 Hrs,16%,11%-20% premium hrs
536,300, -   , -   , -   ,2,3,10,315,10,6-10 Hrs,5%,1%-10% premium hrs
537,292, -   , -   , -   , -   ,8, -   ,300,10,6-10 Hrs,3%,1%-10% premium hrs
538,418, -   , -   , -   ,62, -   , -   ,480,16,11-20 Hrs,13%,11%-20% premium hrs
539,152, -   , -   , -   ,24, -   , -   ,176,6,6-10 Hrs,14%,11%-20% premium hrs
540,119, -   , -   , -   ,14, -   , -   ,133,4,Under 5 Hrs,11%,11%-20% premium hrs
541,887, -   , -   , -   ,98,29,160,1173,39,21-40 Hrs,24%,21%-40% premium hrs
542,64, -   , -   , -   ,1,2, -   ,67,2,Under 5 Hrs,4%,1%-10% premium hrs
543,178, -   , -   , -   , -   ,5,29,212,7,6-10 Hrs,16%,11%-20% premium hrs
544,146, -   , -   , -   , -   ,4, -   ,150,5,Under 5 Hrs,3%,1%-10% premium hrs
545,230, -   , -   , -   , -   ,6, -   ,236,8,6-10 Hrs,3%,1%-10% premium hrs
546,128, -   , -   , -   ,2,3, -   ,133,4,Under 5 Hrs,3%,1%-10% premium hrs
547,174, -   , -   , -   , -   ,5, -   ,178,6,6-10 Hrs,3%,1%-10% premium hrs
548,631, -   , -   , -   , -   ,19, -   ,649,21,21-40 Hrs,3%,1%-10% premium hrs
549,1103, -   , -   , -   ,424,31,150,1708,56,41-60 Hrs,35%,21%-40% premium hrs
550,1017, -   , -   , -   ,175,27,143,1361,45,41-60 Hrs,25%,21%-40% premium hrs
551,218, -   , -   , -   , -   ,6, -   ,224,7,6-10 Hrs,3%,1%-10% premium hrs
552,324, -   , -   , -   , -   ,8, -   ,332,11,11-20 Hrs,2%,1%-10% premium hrs
553,155, -   , -   , -   , -   ,4,23,182,6,6-10 Hrs,15%,11%-20% premium hrs
554,182, -   , -   ,4,16,3, -   ,212,7,6-10 Hrs,9%,1%-10% premium hrs
555,135, -   , -   , -   ,5,5, -   ,145,5,Under 5 Hrs,7%,1%-10% premium hrs
556,89, -   , -   , -   ,23,3, -   ,115,4,Under 5 Hrs,23%,21%-40% premium hrs
557,152, -   , -   , -   ,3,3, -   ,158,5,Under 5 Hrs,4%,1%-10% premium hrs
558,410, -   , -   , -   , -   ,10, -   ,420,14,11-20 Hrs,2%,1%-10% premium hrs
559,670, -   , -   , -   , -   ,17,86,773,26,21-40 Hrs,13%,11%-20% premium hrs
560,83, -   , -   , -   , -   ,2, -   ,85,3,Under 5 Hrs,2%,1%-10% premium hrs
561,264, -   , -   , -   , -   ,7,29,299,10,6-10 Hrs,12%,11%-20% premium hrs
562,265, -   , -   , -   ,1,7,14,286,9,6-10 Hrs,7%,1%-10% premium hrs
563,247, -   , -   , -   , -   ,9, -   ,256,8,6-10 Hrs,4%,1%-10% premium hrs
564,239, -   , -   , -   ,12,9, -   ,260,9,6-10 Hrs,8%,1%-10% premium hrs
565,44, -   , -   , -   , -   , -   ,4,48,2,Under 5 Hrs,8%,1%-10% premium hrs
566,210, -   , -   , -   , -   ,8, -   ,217,7,6-10 Hrs,3%,1%-10% premium hrs
567,297, -   , -   , -   , -   ,1,14,312,10,6-10 Hrs,5%,1%-10% premium hrs
568,397, -   , -   , -   ,99,6,33,535,18,11-20 Hrs,26%,21%-40% premium hrs
569,204, -   , -   , -   ,1,9, -   ,214,7,6-10 Hrs,5%,1%-10% premium hrs
570,273, -   , -   , -   ,1,6, -   ,280,9,6-10 Hrs,2%,1%-10% premium hrs
571,442, -   , -   , -   , -   ,10, -   ,452,15,11-20 Hrs,2%,1%-10% premium hrs
572,89, -   , -   , -   , -   , -   ,4,93,3,Under 5 Hrs,4%,1%-10% premium hrs
573,547, -   , -   , -   , -   ,12, -   ,559,18,11-20 Hrs,2%,1%-10% premium hrs
574,523, -   , -   , -   ,10,5,9,546,18,11-20 Hrs,4%,1%-10% premium hrs
575,90, -   , -   , -   , -   ,3, -   ,93,3,Under 5 Hrs,3%,1%-10% premium hrs
576,376, -   , -   , -   , -   ,8, -   ,384,13,11-20 Hrs,2%,1%-10% premium hrs
577,48, -   , -   , -   ,16, -   , -   ,64,2,Under 5 Hrs,25%,21%-40% premium hrs
578,142, -   , -   , -   , -   ,3, -   ,145,5,Under 5 Hrs,2%,1%-10% premium hrs
579,95, -   , -   , -   , -   ,2, -   ,97,3,Under 5 Hrs,2%,1%-10% premium hrs
580,355, -   , -   , -   , -   ,9,28,392,13,11-20 Hrs,9%,1%-10% premium hrs
581,306, -   , -   , -   ,1,7,20,334,11,11-20 Hrs,8%,1%-10% premium hrs
582,76, -   , -   , -   , -   ,3, -   ,79,3,Under 5 Hrs,4%,1%-10% premium hrs
583,419, -   , -   , -   ,0,9, -   ,428,14,11-20 Hrs,2%,1%-10% premium hrs
584,110, -   , -   , -   ,21, -   ,8,139,5,Under 5 Hrs,21%,21%-40% premium hrs
585,412, -   , -   , -   , -   ,15, -   ,427,14,11-20 Hrs,4%,1%-10% premium hrs
586,297, -   , -   , -   , -   ,6, -   ,303,10,6-10 Hrs,2%,1%-10% premium hrs
587,609, -   , -   , -   , -   ,23, -   ,632,21,21-40 Hrs,4%,1%-10% premium hrs
588,50, -   , -   , -   , -   ,1, -   ,51,2,Under 5 Hrs,2%,1%-10% premium hrs
589,200, -   , -   , -   , -   ,4, -   ,204,7,6-10 Hrs,2%,1%-10% premium hrs
590,100, -   , -   , -   , -   ,6, -   ,106,4,Under 5 Hrs,6%,1%-10% premium hrs
591,168, -   , -   , -   , -   ,4, -   ,172,6,6-10 Hrs,2%,1%-10% premium hrs
592,96, -   , -   ,5,8, -   , -   ,119,4,Under 5 Hrs,7%,1%-10% premium hrs
593,203, -   , -   , -   , -   ,4, -   ,207,7,6-10 Hrs,2%,1%-10% premium hrs
594,153, -   , -   , -   , -   ,3, -   ,156,5,Under 5 Hrs,2%,1%-10% premium hrs
595,158, -   , -   , -   ,1,4,8,171,6,6-10 Hrs,7%,1%-10% premium hrs
596,130, -   , -   , -   , -   ,3, -   ,132,4,Under 5 Hrs,2%,1%-10% premium hrs
597,614, -   , -   , -   ,65,18,96,792,26,21-40 Hrs,23%,21%-40% premium hrs
598,102, -   , -   , -   , -   ,4, -   ,106,4,Under 5 Hrs,4%,1%-10% premium hrs
599,132, -   , -   , -   , -   ,3,16,151,5,Under 5 Hrs,12%,11%-20% premium hrs
600,222, -   , -   , -   , -   ,5, -   ,226,7,6-10 Hrs,2%,1%-10% premium hrs
601,762, -   , -   , -   ,73,22, -   ,856,28,21-40 Hrs,11%,11%-20% premium hrs
602,143, -   , -   , -   , -   ,4, -   ,147,5,Under 5 Hrs,3%,1%-10% premium hrs
603,162, -   , -   , -   , -   ,3, -   ,165,5,Under 5 Hrs,2%,1%-10% premium hrs
604,219, -   , -   , -   ,1,5, -   ,225,7,6-10 Hrs,3%,1%-10% premium hrs
605,109, -   , -   , -   , -   ,2, -   ,111,4,Under 5 Hrs,2%,1%-10% premium hrs
606,29, -   , -   , -   , -   ,1, -   ,30,1,Under 5 Hrs,3%,1%-10% premium hrs
607,296, -   , -   , -   , -   ,6, -   ,302,10,6-10 Hrs,2%,1%-10% premium hrs
608,147, -   , -   , -   ,1,4, -   ,152,5,Under 5 Hrs,3%,1%-10% premium hrs
609,215, -   , -   , -   ,68,10,1,294,10,6-10 Hrs,27%,21%-40% premium hrs
610,262, -   , -   , -   , -   ,9, -   ,271,9,6-10 Hrs,3%,1%-10% premium hrs
611,56, -   , -   , -   , -   ,1, -   ,57,2,Under 5 Hrs,2%,1%-10% premium hrs
612,425, -   , -   , -   , -   ,12, -   ,437,14,11-20 Hrs,3%,1%-10% premium hrs
613,442, -   , -   , -   , -   ,9, -   ,451,15,11-20 Hrs,2%,1%-10% premium hrs
614,143, -   , -   , -   , -   ,3, -   ,145,5,Under 5 Hrs,2%,1%-10% premium hrs
615,137, -   , -   , -   , -   ,4, -   ,141,5,Under 5 Hrs,3%,1%-10% premium hrs
616,118, -   , -   , -   ,6,4,1,129,4,Under 5 Hrs,8%,1%-10% premium hrs
617,112, -   , -   , -   , -   ,2, -   ,114,4,Under 5 Hrs,2%,1%-10% premium hrs
618,591, -   , -   , -   ,3,20, -   ,614,20,11-20 Hrs,4%,1%-10% premium hrs
619,334, -   , -   , -   , -   ,13, -   ,347,11,11-20 Hrs,4%,1%-10% premium hrs
620,1133, -   , -   , -   ,152,12,34,1331,44,41-60 Hrs,15%,11%-20% premium hrs
621,219, -   , -   , -   ,1,4, -   ,223,7,6-10 Hrs,2%,1%-10% premium hrs
622,89, -   , -   , -   , -   ,2, -   ,90,3,Under 5 Hrs,2%,1%-10% premium hrs
623,220, -   , -   , -   ,13,3, -   ,236,8,6-10 Hrs,7%,1%-10% premium hrs
624,169, -   , -   , -   ,48,5,26,248,8,6-10 Hrs,32%,21%-40% premium hrs
625,143, -   , -   , -   , -   ,3, -   ,145,5,Under 5 Hrs,2%,1%-10% premium hrs
626,186, -   , -   , -   , -   ,3, -   ,189,6,6-10 Hrs,2%,1%-10% premium hrs
627,637, -   , -   , -   ,1,8,44,689,23,21-40 Hrs,8%,1%-10% premium hrs
628,176, -   , -   , -   , -   ,4, -   ,180,6,6-10 Hrs,2%,1%-10% premium hrs
629,81, -   , -   , -   , -   ,9, -   ,90,3,Under 5 Hrs,10%,1%-10% premium hrs
630,343, -   , -   , -   , -   ,6, -   ,349,12,11-20 Hrs,2%,1%-10% premium hrs
631,1201, -   , -   , -   ,89,48,109,1446,48,41-60 Hrs,17%,11%-20% premium hrs
632,504, -   , -   , -   , -   ,12, -   ,516,17,11-20 Hrs,2%,1%-10% premium hrs
633,137, -   , -   , -   ,9, -   , -   ,146,5,Under 5 Hrs,6%,1%-10% premium hrs
634,122, -   , -   , -   ,1,2,13,137,5,Under 5 Hrs,11%,11%-20% premium hrs
635,313, -   , -   , -   ,21,9,14,357,12,11-20 Hrs,12%,11%-20% premium hrs
636,134, -   , -   , -   , -   ,2, -   ,136,4,Under 5 Hrs,1%,1%-10% premium hrs
637,193, -   , -   , -   , -   ,5,1,199,7,6-10 Hrs,3%,1%-10% premium hrs
638,102, -   , -   , -   , -   ,3,2,107,4,Under 5 Hrs,5%,1%-10% premium hrs
639,136, -   , -   , -   , -   ,2, -   ,138,5,Under 5 Hrs,1%,1%-10% premium hrs
640,41, -   , -   , -   ,3, -   , -   ,44,1,Under 5 Hrs,6%,1%-10% premium hrs
641,135, -   , -   , -   , -   ,3, -   ,138,5,Under 5 Hrs,2%,1%-10% premium hrs
642,7, -   , -   , -   ,2, -   , -   ,9,0,Under 5 Hrs,22%,21%-40% premium hrs
643,141, -   , -   , -   , -   ,2, -   ,143,5,Under 5 Hrs,1%,1%-10% premium hrs
644,982, -   , -   , -   , -   ,15, -   ,997,33,21-40 Hrs,2%,1%-10% premium hrs
645,406, -   , -   , -   , -   ,15, -   ,421,14,11-20 Hrs,4%,1%-10% premium hrs
646,243, -   , -   , -   ,26, -   , -   ,269,9,6-10 Hrs,9%,1%-10% premium hrs
647,124, -   , -   , -   , -   , -   , -   ,124,4,Under 5 Hrs,0%,No premium hrs
648,289, -   , -   , -   , -   ,11, -   ,300,10,6-10 Hrs,4%,1%-10% premium hrs
649,249, -   , -   , -   , -   ,5, -   ,254,8,6-10 Hrs,2%,1%-10% premium hrs
650,148, -   , -   , -   , -   ,2, -   ,150,5,Under 5 Hrs,1%,1%-10% premium hrs
651,148, -   , -   , -   , -   ,2, -   ,150,5,Under 5 Hrs,1%,1%-10% premium hrs
652,281, -   , -   , -   ,1,7, -   ,288,10,6-10 Hrs,3%,1%-10% premium hrs
653,109, -   , -   , -   ,70,2, -   ,181,6,6-10 Hrs,40%,21%-40% premium hrs
654,484, -   , -   , -   ,184,20, -   ,688,23,21-40 Hrs,30%,21%-40% premium hrs
655,1563, -   , -   , -   ,514,57,252,2386,79,Over 60 Hrs,34%,21%-40% premium hrs
656,91, -   , -   , -   ,35, -   ,19,144,5,Under 5 Hrs,37%,21%-40% premium hrs
657,366, -   , -   , -   , -   ,6, -   ,372,12,11-20 Hrs,2%,1%-10% premium hrs
658,392, -   , -   , -   ,4,4, -   ,400,13,11-20 Hrs,2%,1%-10% premium hrs
659,1355, -   , -   , -   ,92,60,232,1738,57,41-60 Hrs,22%,21%-40% premium hrs
660,707, -   , -   , -   , -   ,11, -   ,718,24,21-40 Hrs,2%,1%-10% premium hrs
661,337, -   , -   , -   ,136,7,6,486,16,11-20 Hrs,31%,21%-40% premium hrs
662,267, -   , -   , -   , -   ,4, -   ,271,9,6-10 Hrs,1%,1%-10% premium hrs
663,298, -   , -   , -   , -   ,6, -   ,304,10,6-10 Hrs,2%,1%-10% premium hrs
664,123, -   , -   , -   , -   ,2, -   ,124,4,Under 5 Hrs,1%,1%-10% premium hrs
665,490, -   , -   ,1,8,7, -   ,508,17,11-20 Hrs,3%,1%-10% premium hrs
666,40, -   , -   , -   ,2, -   , -   ,42,1,Under 5 Hrs,5%,1%-10% premium hrs
667,1669, -   , -   , -   ,4,49,292,2014,66,Over 60 Hrs,17%,11%-20% premium hrs
668,327, -   , -   , -   ,59,10,2,398,13,11-20 Hrs,18%,11%-20% premium hrs
669,86, -   , -   , -   , -   ,1, -   ,87,3,Under 5 Hrs,1%,1%-10% premium hrs
670,128, -   , -   , -   ,2,1, -   ,131,4,Under 5 Hrs,2%,1%-10% premium hrs
671,132, -   , -   , -   , -   ,2, -   ,134,4,Under 5 Hrs,1%,1%-10% premium hrs
672,88, -   , -   , -   , -   ,1, -   ,89,3,Under 5 Hrs,1%,1%-10% premium hrs
673,88, -   , -   , -   , -   ,1, -   ,89,3,Under 5 Hrs,1%,1%-10% premium hrs
674,88, -   , -   , -   , -   ,1, -   ,89,3,Under 5 Hrs,1%,1%-10% premium hrs
675,176, -   , -   , -   ,19,8,31,234,8,6-10 Hrs,25%,21%-40% premium hrs
676,160, -   , -   , -   , -   ,2, -   ,162,5,Under 5 Hrs,1%,1%-10% premium hrs
677,175, -   , -   , -   , -   ,3, -   ,178,6,6-10 Hrs,2%,1%-10% premium hrs
678,186, -   , -   , -   , -   ,3, -   ,189,6,6-10 Hrs,2%,1%-10% premium hrs
679,154, -   , -   , -   , -   ,2, -   ,155,5,Under 5 Hrs,1%,1%-10% premium hrs
680,720, -   , -   , -   , -   ,7, -   ,727,24,21-40 Hrs,1%,1%-10% premium hrs
681,506, -   , -   , -   , -   ,12, -   ,518,17,11-20 Hrs,2%,1%-10% premium hrs
682,285, -   , -   , -   , -   ,3, -   ,288,10,6-10 Hrs,1%,1%-10% premium hrs
683,317, -   , -   , -   , -   ,3, -   ,320,11,11-20 Hrs,1%,1%-10% premium hrs
684,203, -   , -   , -   ,11,11, -   ,224,7,6-10 Hrs,10%,1%-10% premium hrs
685,156, -   , -   , -   ,6, -   , -   ,162,5,Under 5 Hrs,4%,1%-10% premium hrs
686,341, -   , -   , -   ,5,13,34,393,13,11-20 Hrs,13%,11%-20% premium hrs
687,162, -   , -   , -   , -   , -   ,3,165,5,Under 5 Hrs,2%,1%-10% premium hrs
688,746, -   , -   , -   ,188,20,94,1047,35,21-40 Hrs,29%,21%-40% premium hrs
689,2100, -   , -   , -   ,1,36,12,2148,71,Over 60 Hrs,2%,1%-10% premium hrs
690,217, -   , -   , -   , -   ,4,38,259,9,6-10 Hrs,16%,11%-20% premium hrs
691,194, -   , -   , -   , -   ,2, -   ,196,6,6-10 Hrs,1%,1%-10% premium hrs
692,26, -   , -   , -   , -   ,2, -   ,28,1,Under 5 Hrs,7%,1%-10% premium hrs
693,67, -   , -   , -   , -   ,8, -   ,75,2,Under 5 Hrs,11%,11%-20% premium hrs
694,998, -   , -   , -   ,6,28, -   ,1032,34,21-40 Hrs,3%,1%-10% premium hrs
695,483, -   , -   , -   ,1,12,71,567,19,11-20 Hrs,15%,11%-20% premium hrs
696,482, -   , -   , -   , -   ,4, -   ,486,16,11-20 Hrs,1%,1%-10% premium hrs
697,706, -   , -   , -   ,94,19,92,911,30,21-40 Hrs,22%,21%-40% premium hrs
698,2136, -   ,212, -   ,595,76,435,4302,142,Over 60 Hrs,26%,21%-40% premium hrs
699,106, -   , -   , -   ,4, -   , -   ,110,4,Under 5 Hrs,3%,1%-10% premium hrs
700,68, -   , -   , -   , -   ,2, -   ,70,2,Under 5 Hrs,3%,1%-10% premium hrs
701,412, -   , -   , -   , -   ,4, -   ,416,14,11-20 Hrs,1%,1%-10% premium hrs
702,218, -   , -   , -   ,2, -   ,6,226,7,6-10 Hrs,4%,1%-10% premium hrs
703,215, -   , -   , -   ,1,5, -   ,220,7,6-10 Hrs,2%,1%-10% premium hrs
704,221, -   , -   , -   ,6,5, -   ,233,8,6-10 Hrs,5%,1%-10% premium hrs
705,61, -   , -   , -   , -   ,4, -   ,65,2,Under 5 Hrs,6%,1%-10% premium hrs
706,203, -   , -   , -   , -   ,8, -   ,210,7,6-10 Hrs,4%,1%-10% premium hrs
707,139, -   , -   , -   , -   ,1, -   ,140,5,Under 5 Hrs,1%,1%-10% premium hrs
708,143, -   , -   , -   , -   ,1, -   ,144,5,Under 5 Hrs,1%,1%-10% premium hrs
709,299, -   , -   , -   , -   ,2,1,302,10,6-10 Hrs,1%,1%-10% premium hrs
710,430, -   , -   , -   , -   ,3, -   ,433,14,11-20 Hrs,1%,1%-10% premium hrs
711,361, -   , -   , -   , -   ,3, -   ,364,12,11-20 Hrs,1%,1%-10% premium hrs
712,286, -   , -   , -   , -   ,2, -   ,288,10,6-10 Hrs,1%,1%-10% premium hrs
713,242, -   , -   , -   ,2,3, -   ,246,8,6-10 Hrs,2%,1%-10% premium hrs
714,278, -   , -   , -   ,14,4, -   ,296,10,6-10 Hrs,6%,1%-10% premium hrs
715,175, -   , -   , -   , -   ,4, -   ,179,6,6-10 Hrs,2%,1%-10% premium hrs
716,1999, -   ,210, -   ,686,77,407,4219,139,Over 60 Hrs,28%,21%-40% premium hrs
717,251, -   , -   , -   , -   ,7, -   ,258,9,6-10 Hrs,3%,1%-10% premium hrs
718,304, -   , -   , -   ,38,10, -   ,351,12,11-20 Hrs,14%,11%-20% premium hrs
719,571, -   , -   , -   ,5,17,86,680,22,21-40 Hrs,16%,11%-20% premium hrs
720,119, -   , -   , -   ,3, -   , -   ,122,4,Under 5 Hrs,2%,1%-10% premium hrs
721,900, -   ,187,19,704,64,377,3037,100,Over 60 Hrs,38%,21%-40% premium hrs
722,143, -   , -   , -   ,4, -   , -   ,147,5,Under 5 Hrs,2%,1%-10% premium hrs
723,77, -   , -   , -   , -   ,2, -   ,78,3,Under 5 Hrs,2%,1%-10% premium hrs
724,284, -   , -   , -   , -   ,4, -   ,288,10,6-10 Hrs,1%,1%-10% premium hrs
725,352, -   , -   , -   , -   ,3, -   ,355,12,11-20 Hrs,1%,1%-10% premium hrs
726,104, -   , -   , -   , -   ,4,1,108,4,Under 5 Hrs,4%,1%-10% premium hrs
727,274, -   , -   , -   , -   ,3, -   ,277,9,6-10 Hrs,1%,1%-10% premium hrs
728,342, -   , -   , -   ,74,10, -   ,427,14,11-20 Hrs,20%,11%-20% premium hrs
729,365, -   , -   , -   ,1,8,28,402,13,11-20 Hrs,9%,1%-10% premium hrs
730,203, -   , -   , -   , -   ,1, -   ,204,7,6-10 Hrs,0%,No premium hrs
731,48, -   , -   , -   , -   ,6, -   ,54,2,Under 5 Hrs,11%,11%-20% premium hrs
732,243, -   , -   , -   , -   ,5, -   ,248,8,6-10 Hrs,2%,1%-10% premium hrs
733,110, -   , -   , -   , -   ,1, -   ,111,4,Under 5 Hrs,1%,1%-10% premium hrs
734,360, -   , -   , -   ,18,3,3,383,13,11-20 Hrs,6%,1%-10% premium hrs
735,683, -   , -   , -   ,19,5,14,720,24,21-40 Hrs,5%,1%-10% premium hrs
736,148, -   , -   , -   , -   ,4, -   ,152,5,Under 5 Hrs,3%,1%-10% premium hrs
737,203, -   , -   , -   ,89,8,27,327,11,11-20 Hrs,38%,21%-40% premium hrs
738,124, -   , -   , -   , -   ,2, -   ,126,4,Under 5 Hrs,2%,1%-10% premium hrs
739,329, -   , -   , -   , -   ,9,20,358,12,11-20 Hrs,8%,1%-10% premium hrs
740,84, -   , -   , -   , -   , -   ,4,88,3,Under 5 Hrs,5%,1%-10% premium hrs
741,300, -   , -   , -   ,10, -   , -   ,310,10,6-10 Hrs,3%,1%-10% premium hrs
742,322, -   , -   , -   , -   ,2, -   ,324,11,11-20 Hrs,1%,1%-10% premium hrs
743,175, -   , -   , -   ,3, -   , -   ,178,6,6-10 Hrs,1%,1%-10% premium hrs
744,221, -   , -   , -   , -   ,5,11,237,8,6-10 Hrs,7%,1%-10% premium hrs
745,66, -   , -   , -   , -   ,2, -   ,68,2,Under 5 Hrs,2%,1%-10% premium hrs
746,898, -   , -   , -   ,35, -   , -   ,933,31,21-40 Hrs,4%,1%-10% premium hrs
747,236, -   , -   , -   , -   ,8,34,277,9,6-10 Hrs,15%,11%-20% premium hrs
748,480, -   , -   , -   , -   ,10,53,542,18,11-20 Hrs,12%,11%-20% premium hrs
749,147, -   , -   , -   ,41, -   , -   ,188,6,6-10 Hrs,22%,21%-40% premium hrs
750,426, -   , -   , -   ,39,18,94,577,19,11-20 Hrs,26%,21%-40% premium hrs
751,150, -   , -   , -   , -   ,3, -   ,153,5,Under 5 Hrs,2%,1%-10% premium hrs
752,24, -   , -   , -   ,0, -   , -   ,24,1,Under 5 Hrs,1%,1%-10% premium hrs
753,332, -   , -   , -   , -   ,8,52,392,13,11-20 Hrs,15%,11%-20% premium hrs
754,186, -   , -   , -   , -   ,2, -   ,188,6,6-10 Hrs,1%,1%-10% premium hrs
755,783, -   , -   , -   ,29,21,68,901,30,21-40 Hrs,13%,11%-20% premium hrs
756,487, -   , -   , -   ,6,2, -   ,495,16,11-20 Hrs,2%,1%-10% premium hrs
757,829, -   , -   , -   ,51,8,8,896,30,21-40 Hrs,7%,1%-10% premium hrs
758,344, -   , -   , -   , -   ,8,55,406,13,11-20 Hrs,15%,11%-20% premium hrs
759,175, -   , -   , -   , -   ,1, -   ,176,6,6-10 Hrs,1%,1%-10% premium hrs
760,326, -   , -   , -   , -   ,6,29,361,12,11-20 Hrs,10%,1%-10% premium hrs
761,404, -   , -   , -   , -   ,4, -   ,408,13,11-20 Hrs,1%,1%-10% premium hrs
762,453, -   , -   , -   ,2, -   , -   ,455,15,11-20 Hrs,0%,No premium hrs
763,121, -   , -   , -   ,2, -   , -   ,122,4,Under 5 Hrs,1%,1%-10% premium hrs
764,118, -   , -   , -   ,1, -   , -   ,118,4,Under 5 Hrs,0%,No premium hrs
765,63, -   , -   , -   ,12, -   ,12,87,3,Under 5 Hrs,27%,21%-40% premium hrs
766,130, -   , -   , -   , -   ,2, -   ,132,4,Under 5 Hrs,2%,1%-10% premium hrs
767,375, -   , -   , -   ,63,6, -   ,444,15,11-20 Hrs,15%,11%-20% premium hrs
768,194, -   , -   , -   , -   , -   ,3,197,7,6-10 Hrs,2%,1%-10% premium hrs
769,1358, -   , -   , -   ,51,14,45,1467,48,41-60 Hrs,7%,1%-10% premium hrs
770,22, -   , -   , -   , -   , -   ,2,24,1,Under 5 Hrs,8%,1%-10% premium hrs
771,157, -   , -   , -   , -   ,2, -   ,159,5,Under 5 Hrs,1%,1%-10% premium hrs
772,208, -   , -   , -   ,1, -   , -   ,209,7,6-10 Hrs,0%,No premium hrs
773,110, -   , -   , -   ,0, -   , -   ,110,4,Under 5 Hrs,0%,No premium hrs
774,578, -   , -   , -   , -   ,9, -   ,587,19,11-20 Hrs,2%,1%-10% premium hrs
775,227, -   , -   , -   ,1, -   , -   ,227,7,6-10 Hrs,0%,No premium hrs
776,60, -   , -   , -   , -   ,2, -   ,62,2,Under 5 Hrs,3%,1%-10% premium hrs
777,140, -   , -   , -   , -   ,3, -   ,142,5,Under 5 Hrs,2%,1%-10% premium hrs
778,419, -   , -   , -   ,1, -   , -   ,420,14,11-20 Hrs,0%,No premium hrs
779,564, -   , -   , -   , -   ,6,27,596,20,11-20 Hrs,5%,1%-10% premium hrs
780,88, -   , -   , -   , -   , -   , -   ,88,3,Under 5 Hrs,0%,No premium hrs
781,12, -   , -   , -   , -   , -   , -   ,12,0,Under 5 Hrs,0%,No premium hrs
782,24, -   , -   , -   , -   , -   , -   ,24,1,Under 5 Hrs,0%,No premium hrs
783,24, -   , -   , -   , -   , -   , -   ,24,1,Under 5 Hrs,0%,No premium hrs
784,48, -   , -   , -   , -   , -   , -   ,48,2,Under 5 Hrs,0%,No premium hrs
785,68, -   , -   , -   , -   , -   , -   ,68,2,Under 5 Hrs,0%,No premium hrs
786,68, -   , -   , -   , -   , -   , -   ,68,2,Under 5 Hrs,0%,No premium hrs
787,96, -   , -   , -   , -   , -   , -   ,96,3,Under 5 Hrs,0%,No premium hrs
788,136, -   , -   , -   , -   , -   , -   ,136,4,Under 5 Hrs,0%,No premium hrs
789,272, -   , -   , -   , -   , -   , -   ,272,9,6-10 Hrs,0%,No premium hrs
790,49, -   , -   , -   , -   , -   , -   ,49,2,Under 5 Hrs,0%,No premium hrs
791,90, -   , -   , -   , -   , -   , -   ,90,3,Under 5 Hrs,0%,No premium hrs
792,175, -   , -   , -   , -   , -   , -   ,175,6,6-10 Hrs,0%,No premium hrs
793,86, -   , -   , -   , -   , -   , -   ,86,3,Under 5 Hrs,0%,No premium hrs
794,67, -   , -   , -   , -   , -   , -   ,67,2,Under 5 Hrs,0%,No premium hrs
795,249, -   , -   , -   , -   , -   , -   ,249,8,6-10 Hrs,0%,No premium hrs
796,78, -   , -   , -   , -   , -   , -   ,78,3,Under 5 Hrs,0%,No premium hrs
797,17, -   , -   , -   , -   , -   , -   ,17,1,Under 5 Hrs,0%,No premium hrs
798,83, -   , -   , -   , -   , -   , -   ,83,3,Under 5 Hrs,0%,No premium hrs
799,83, -   , -   , -   , -   , -   , -   ,83,3,Under 5 Hrs,0%,No premium hrs
800,26, -   , -   , -   , -   , -   , -   ,26,1,Under 5 Hrs,0%,No premium hrs
801,98, -   , -   , -   , -   , -   , -   ,98,3,Under 5 Hrs,0%,No premium hrs
802,48, -   , -   , -   , -   , -   , -   ,48,2,Under 5 Hrs,0%,No premium hrs
803,156, -   , -   , -   , -   , -   , -   ,156,5,Under 5 Hrs,0%,No premium hrs
804,118, -   , -   , -   , -   , -   , -   ,118,4,Under 5 Hrs,0%,No premium hrs
805,163, -   , -   , -   , -   , -   , -   ,163,5,Under 5 Hrs,0%,No premium hrs
806,46, -   , -   , -   , -   , -   , -   ,46,2,Under 5 Hrs,0%,No premium hrs
807,92, -   , -   , -   , -   , -   , -   ,92,3,Under 5 Hrs,0%,No premium hrs
808,135, -   , -   , -   , -   , -   , -   ,135,4,Under 5 Hrs,0%,No premium hrs
809,45, -   , -   , -   , -   , -   , -   ,45,1,Under 5 Hrs,0%,No premium hrs
810,90, -   , -   , -   , -   , -   , -   ,90,3,Under 5 Hrs,0%,No premium hrs
811,22, -   , -   , -   , -   , -   , -   ,22,1,Under 5 Hrs,0%,No premium hrs
812,88, -   , -   , -   , -   , -   , -   ,88,3,Under 5 Hrs,0%,No premium hrs
813,132, -   , -   , -   , -   , -   , -   ,132,4,Under 5 Hrs,0%,No premium hrs
814,148, -   , -   , -   , -   , -   , -   ,148,5,Under 5 Hrs,0%,No premium hrs
815,137, -   , -   , -   , -   , -   , -   ,137,5,Under 5 Hrs,0%,No premium hrs
816,18, -   , -   , -   , -   , -   , -   ,18,1,Under 5 Hrs,0%,No premium hrs
817,72, -   , -   , -   , -   , -   , -   ,72,2,Under 5 Hrs,0%,No premium hrs
818,144, -   , -   , -   , -   , -   , -   ,144,5,Under 5 Hrs,0%,No premium hrs
819,103, -   , -   , -   , -   , -   , -   ,103,3,Under 5 Hrs,0%,No premium hrs
820,150, -   , -   , -   , -   , -   , -   ,150,5,Under 5 Hrs,0%,No premium hrs
821,33, -   , -   , -   , -   , -   , -   ,33,1,Under 5 Hrs,0%,No premium hrs
822,66, -   , -   , -   , -   , -   , -   ,66,2,Under 5 Hrs,0%,No premium hrs
823,66, -   , -   , -   , -   , -   , -   ,66,2,Under 5 Hrs,0%,No premium hrs
824,66, -   , -   , -   , -   , -   , -   ,66,2,Under 5 Hrs,0%,No premium hrs
825,181, -   , -   , -   , -   , -   , -   ,181,6,6-10 Hrs,0%,No premium hrs
826,8, -   , -   , -   , -   , -   , -   ,8,0,Under 5 Hrs,0%,No premium hrs
827,32, -   , -   , -   , -   , -   , -   ,32,1,Under 5 Hrs,0%,No premium hrs
828,64, -   , -   , -   , -   , -   , -   ,64,2,Under 5 Hrs,0%,No premium hrs
829,128, -   , -   , -   , -   , -   , -   ,128,4,Under 5 Hrs,0%,No premium hrs
830,32, -   , -   , -   , -   , -   , -   ,32,1,Under 5 Hrs,0%,No premium hrs
831,93, -   , -   , -   , -   , -   , -   ,93,3,Under 5 Hrs,0%,No premium hrs
832,585, -   , -   , -   , -   , -   , -   ,585,19,11-20 Hrs,0%,No premium hrs
833,91, -   , -   , -   , -   , -   , -   ,91,3,Under 5 Hrs,0%,No premium hrs
834,30, -   , -   , -   , -   , -   , -   ,30,1,Under 5 Hrs,0%,No premium hrs
835,120, -   , -   , -   , -   , -   , -   ,120,4,Under 5 Hrs,0%,No premium hrs
836,120, -   , -   , -   , -   , -   , -   ,120,4,Under 5 Hrs,0%,No premium hrs
837,165, -   , -   , -   , -   , -   , -   ,165,5,Under 5 Hrs,0%,No premium hrs
838,127, -   , -   , -   , -   , -   , -   ,127,4,Under 5 Hrs,0%,No premium hrs
839,59, -   , -   , -   , -   , -   , -   ,59,2,Under 5 Hrs,0%,No premium hrs
840,29, -   , -   , -   , -   , -   , -   ,29,1,Under 5 Hrs,0%,No premium hrs
841,58, -   , -   , -   , -   , -   , -   ,58,2,Under 5 Hrs,0%,No premium hrs
842,58, -   , -   , -   , -   , -   , -   ,58,2,Under 5 Hrs,0%,No premium hrs
843,58, -   , -   , -   , -   , -   , -   ,58,2,Under 5 Hrs,0%,No premium hrs
844,116, -   , -   , -   , -   , -   , -   ,116,4,Under 5 Hrs,0%,No premium hrs
845,273, -   , -   , -   , -   , -   , -   ,273,9,6-10 Hrs,0%,No premium hrs
846,43, -   , -   , -   , -   , -   , -   ,43,1,Under 5 Hrs,0%,No premium hrs
847,86, -   , -   , -   , -   , -   , -   ,86,3,Under 5 Hrs,0%,No premium hrs
848,385, -   , -   , -   , -   , -   , -   ,385,13,11-20 Hrs,0%,No premium hrs
849,157, -   , -   , -   , -   , -   , -   ,157,5,Under 5 Hrs,0%,No premium hrs
850,28, -   , -   , -   , -   , -   , -   ,28,1,Under 5 Hrs,0%,No premium hrs
851,42, -   , -   , -   , -   , -   , -   ,42,1,Under 5 Hrs,0%,No premium hrs
852,84, -   , -   , -   , -   , -   , -   ,84,3,Under 5 Hrs,0%,No premium hrs
853,84, -   , -   , -   , -   , -   , -   ,84,3,Under 5 Hrs,0%,No premium hrs
854,251, -   , -   , -   , -   , -   , -   ,251,8,6-10 Hrs,0%,No premium hrs
855,55, -   , -   , -   , -   , -   , -   ,55,2,Under 5 Hrs,0%,No premium hrs
856,27, -   , -   , -   , -   , -   , -   ,27,1,Under 5 Hrs,0%,No premium hrs
857,108, -   , -   , -   , -   , -   , -   ,108,4,Under 5 Hrs,0%,No premium hrs
858,108, -   , -   , -   , -   , -   , -   ,108,4,Under 5 Hrs,0%,No premium hrs
859,20, -   , -   , -   , -   , -   , -   ,20,1,Under 5 Hrs,0%,No premium hrs
860,80, -   , -   , -   , -   , -   , -   ,80,3,Under 5 Hrs,0%,No premium hrs
861,120, -   , -   , -   , -   , -   , -   ,120,4,Under 5 Hrs,0%,No premium hrs
862,52, -   , -   , -   , -   , -   , -   ,52,2,Under 5 Hrs,0%,No premium hrs
863,104, -   , -   , -   , -   , -   , -   ,104,3,Under 5 Hrs,0%,No premium hrs
864,104, -   , -   , -   , -   , -   , -   ,104,3,Under 5 Hrs,0%,No premium hrs
865,102, -   , -   , -   , -   , -   , -   ,102,3,Under 5 Hrs,0%,No premium hrs
866,102, -   , -   , -   , -   , -   , -   ,102,3,Under 5 Hrs,0%,No premium hrs
867,145, -   , -   , -   , -   , -   , -   ,145,5,Under 5 Hrs,0%,No premium hrs
868,25, -   , -   , -   , -   , -   , -   ,25,1,Under 5 Hrs,0%,No premium hrs
869,25, -   , -   , -   , -   , -   , -   ,25,1,Under 5 Hrs,0%,No premium hrs
870,50, -   , -   , -   , -   , -   , -   ,50,2,Under 5 Hrs,0%,No premium hrs
871,100, -   , -   , -   , -   , -   , -   ,100,3,Under 5 Hrs,0%,No premium hrs
872,346, -   , -   , -   , -   , -   , -   ,346,11,11-20 Hrs,0%,No premium hrs
873,18, -   , -   , -   , -   , -   , -   ,18,1,Under 5 Hrs,0%,No premium hrs
874,233, -   , -   , -   , -   , -   , -   ,233,8,6-10 Hrs,0%,No premium hrs
875,206, -   , -   , -   , -   , -   , -   ,206,7,6-10 Hrs,0%,No premium hrs
876,59, -   , -   , -   , -   , -   , -   ,59,2,Under 5 Hrs,0%,No premium hrs
877,234, -   , -   , -   , -   , -   , -   ,234,8,6-10 Hrs,0%,No premium hrs
878,468, -   , -   , -   , -   , -   , -   ,468,15,11-20 Hrs,0%,No premium hrs
879,115, -   , -   , -   , -   , -   , -   ,115,4,Under 5 Hrs,0%,No premium hrs
880,85, -   , -   , -   , -   , -   , -   ,85,3,Under 5 Hrs,0%,No premium hrs
881,57, -   , -   , -   , -   , -   , -   ,57,2,Under 5 Hrs,0%,No premium hrs
882,45, -   , -   , -   , -   , -   , -   ,45,1,Under 5 Hrs,0%,No premium hrs
883,90, -   , -   , -   , -   , -   , -   ,90,3,Under 5 Hrs,0%,No premium hrs
884,90, -   , -   , -   , -   , -   , -   ,90,3,Under 5 Hrs,0%,No premium hrs
885,155, -   , -   , -   , -   , -   , -   ,155,5,Under 5 Hrs,0%,No premium hrs
886,155, -   , -   , -   , -   , -   , -   ,155,5,Under 5 Hrs,0%,No premium hrs
887,22, -   , -   , -   , -   , -   , -   ,22,1,Under 5 Hrs,0%,No premium hrs
888,88, -   , -   , -   , -   , -   , -   ,88,3,Under 5 Hrs,0%,No premium hrs
889,109, -   , -   , -   , -   , -   , -   ,109,4,Under 5 Hrs,0%,No premium hrs
890,761, -   , -   , -   , -   , -   , -   ,761,25,21-40 Hrs,0%,No premium hrs
891,43, -   , -   , -   , -   , -   , -   ,43,1,Under 5 Hrs,0%,No premium hrs
892,140, -   , -   , -   , -   , -   , -   ,140,5,Under 5 Hrs,0%,No premium hrs
893,96, -   , -   , -   , -   , -   , -   ,96,3,Under 5 Hrs,0%,No premium hrs
894,21, -   , -   , -   , -   , -   , -   ,21,1,Under 5 Hrs,0%,No premium hrs
895,145, -   , -   , -   , -   , -   , -   ,145,5,Under 5 Hrs,0%,No premium hrs
896,62, -   , -   , -   , -   , -   , -   ,62,2,Under 5 Hrs,0%,No premium hrs
897,62, -   , -   , -   , -   , -   , -   ,62,2,Under 5 Hrs,0%,No premium hrs
898,178, -   , -   , -   , -   , -   , -   ,178,6,6-10 Hrs,0%,No premium hrs
899,231, -   , -   , -   , -   , -   , -   ,231,8,6-10 Hrs,0%,No premium hrs
900,10, -   , -   , -   , -   , -   , -   ,10,0,Under 5 Hrs,0%,No premium hrs
901,80, -   , -   , -   , -   , -   , -   ,80,3,Under 5 Hrs,0%,No premium hrs
902,92, -   , -   , -   , -   , -   , -   ,92,3,Under 5 Hrs,0%,No premium hrs
903,39, -   , -   , -   , -   , -   , -   ,39,1,Under 5 Hrs,0%,No premium hrs
904,77, -   , -   , -   , -   , -   , -   ,77,3,Under 5 Hrs,0%,No premium hrs
905,57, -   , -   , -   , -   , -   , -   ,57,2,Under 5 Hrs,0%,No premium hrs
906,114, -   , -   , -   , -   , -   , -   ,114,4,Under 5 Hrs,0%,No premium hrs
907,152, -   , -   , -   , -   , -   , -   ,152,5,Under 5 Hrs,0%,No premium hrs
908,152, -   , -   , -   , -   , -   , -   ,152,5,Under 5 Hrs,0%,No premium hrs
909,48, -   , -   , -   , -   , -   , -   ,48,2,Under 5 Hrs,0%,No premium hrs
910,7, -   , -   , -   , -   , -   , -   ,7,0,Under 5 Hrs,0%,No premium hrs
911,28, -   , -   , -   , -   , -   , -   ,28,1,Under 5 Hrs,0%,No premium hrs
912,28, -   , -   , -   , -   , -   , -   ,28,1,Under 5 Hrs,0%,No premium hrs
913,28, -   , -   , -   , -   , -   , -   ,28,1,Under 5 Hrs,0%,No premium hrs
914,56, -   , -   , -   , -   , -   , -   ,56,2,Under 5 Hrs,0%,No premium hrs
915,56, -   , -   , -   , -   , -   , -   ,56,2,Under 5 Hrs,0%,No premium hrs
916,56, -   , -   , -   , -   , -   , -   ,56,2,Under 5 Hrs,0%,No premium hrs
917,112, -   , -   , -   , -   , -   , -   ,112,4,Under 5 Hrs,0%,No premium hrs
918,112, -   , -   , -   , -   , -   , -   ,112,4,Under 5 Hrs,0%,No premium hrs
919,224, -   , -   , -   , -   , -   , -   ,224,7,6-10 Hrs,0%,No premium hrs
920,93, -   , -   , -   , -   , -   , -   ,93,3,Under 5 Hrs,0%,No premium hrs
921,54, -   , -   , -   , -   , -   , -   ,54,2,Under 5 Hrs,0%,No premium hrs
922,54, -   , -   , -   , -   , -   , -   ,54,2,Under 5 Hrs,0%,No premium hrs
923,54, -   , -   , -   , -   , -   , -   ,54,2,Under 5 Hrs,0%,No premium hrs
924,108, -   , -   , -   , -   , -   , -   ,108,4,Under 5 Hrs,0%,No premium hrs
925,108, -   , -   , -   , -   , -   , -   ,108,4,Under 5 Hrs,0%,No premium hrs
926,108, -   , -   , -   , -   , -   , -   ,108,4,Under 5 Hrs,0%,No premium hrs
927,108, -   , -   , -   , -   , -   , -   ,108,4,Under 5 Hrs,0%,No premium hrs
928,216, -   , -   , -   , -   , -   , -   ,216,7,6-10 Hrs,0%,No premium hrs
929,159, -   , -   , -   , -   , -   , -   ,159,5,Under 5 Hrs,0%,No premium hrs
930,159, -   , -   , -   , -   , -   , -   ,159,5,Under 5 Hrs,0%,No premium hrs
931,70, -   , -   , -   , -   , -   , -   ,70,2,Under 5 Hrs,0%,No premium hrs
932,140, -   , -   , -   , -   , -   , -   ,140,5,Under 5 Hrs,0%,No premium hrs
933,44, -   , -   , -   , -   , -   , -   ,44,1,Under 5 Hrs,0%,No premium hrs
934,174, -   , -   , -   , -   , -   , -   ,174,6,6-10 Hrs,0%,No premium hrs
935,104, -   , -   , -   , -   , -   , -   ,104,3,Under 5 Hrs,0%,No premium hrs
936,104, -   , -   , -   , -   , -   , -   ,104,3,Under 5 Hrs,0%,No premium hrs
937,61, -   , -   , -   , -   , -   , -   ,61,2,Under 5 Hrs,0%,No premium hrs
938,119, -   , -   , -   , -   , -   , -   ,119,4,Under 5 Hrs,0%,No premium hrs
939,149, -   , -   , -   , -   , -   , -   ,149,5,Under 5 Hrs,0%,No premium hrs
940,645, -   , -   , -   , -   , -   , -   ,645,21,21-40 Hrs,0%,No premium hrs
941,89, -   , -   , -   , -   , -   , -   ,89,3,Under 5 Hrs,0%,No premium hrs
942,94, -   , -   , -   , -   , -   , -   ,94,3,Under 5 Hrs,0%,No premium hrs
943,243, -   , -   , -   , -   , -   , -   ,243,8,6-10 Hrs,0%,No premium hrs
944,203, -   , -   , -   , -   , -   , -   ,203,7,6-10 Hrs,0%,No premium hrs
945,139, -   , -   , -   , -   , -   , -   ,139,5,Under 5 Hrs,0%,No premium hrs
946,39, -   , -   , -   , -   , -   , -   ,39,1,Under 5 Hrs,0%,No premium hrs
947,154, -   , -   , -   , -   , -   , -   ,154,5,Under 5 Hrs,0%,No premium hrs
948,30, -   , -   , -   , -   , -   , -   ,30,1,Under 5 Hrs,0%,No premium hrs
949,60, -   , -   , -   , -   , -   , -   ,60,2,Under 5 Hrs,0%,No premium hrs
950,120, -   , -   , -   , -   , -   , -   ,120,4,Under 5 Hrs,0%,No premium hrs
951,120, -   , -   , -   , -   , -   , -   ,120,4,Under 5 Hrs,0%,No premium hrs
952,120, -   , -   , -   , -   , -   , -   ,120,4,Under 5 Hrs,0%,No premium hrs
953,120, -   , -   , -   , -   , -   , -   ,120,4,Under 5 Hrs,0%,No premium hrs
954,23, -   , -   , -   , -   , -   , -   ,23,1,Under 5 Hrs,0%,No premium hrs
955,150, -   , -   , -   , -   , -   , -   ,150,5,Under 5 Hrs,0%,No premium hrs
956,150, -   , -   , -   , -   , -   , -   ,150,5,Under 5 Hrs,0%,No premium hrs
957,56, -   , -   , -   , -   , -   , -   ,56,2,Under 5 Hrs,0%,No premium hrs
958,92, -   , -   , -   , -   , -   , -   ,92,3,Under 5 Hrs,0%,No premium hrs
959,380, -   , -   , -   , -   , -   , -   ,380,13,11-20 Hrs,0%,No premium hrs
960,90, -   , -   , -   , -   , -   , -   ,90,3,Under 5 Hrs,0%,No premium hrs
961,775, -   , -   , -   , -   , -   , -   ,775,26,21-40 Hrs,0%,No premium hrs
962,516, -   , -   , -   , -   , -   , -   ,516,17,11-20 Hrs,0%,No premium hrs
963,347, -   , -   , -   , -   , -   , -   ,347,11,11-20 Hrs,0%,No premium hrs
964,147, -   , -   , -   , -   , -   , -   ,147,5,Under 5 Hrs,0%,No premium hrs
965,1071, -   , -   , -   ,5, -   , -   ,1076,36,21-40 Hrs,0%,No premium hrs
966,125, -   , -   , -   ,10, -   , -   ,135,4,Under 5 Hrs,7%,1%-10% premium hrs
967,53, -   , -   , -   , -   ,1, -   ,54,2,Under 5 Hrs,2%,1%-10% premium hrs
968,36, -   , -   , -   , -   , -   , -   ,36,1,Under 5 Hrs,0%,No premium hrs
969,63, -   , -   , -   , -   , -   , -   ,63,2,Under 5 Hrs,0%,No premium hrs
970,638, -   , -   , -   , -   , -   , -   ,638,21,21-40 Hrs,0%,No premium hrs
971,56, -   , -   , -   , -   , -   , -   ,56,2,Under 5 Hrs,0%,No premium hrs
972,511, -   , -   , -   , -   , -   , -   ,511,17,11-20 Hrs,0%,No premium hrs
973,130, -   , -   , -   , -   , -   , -   ,130,4,Under 5 Hrs,0%,No premium hrs
974,260, -   , -   , -   , -   , -   , -   ,260,9,6-10 Hrs,0%,No premium hrs
975,215, -   , -   , -   , -   ,4, -   ,219,7,6-10 Hrs,2%,1%-10% premium hrs
976,289, -   , -   , -   , -   , -   , -   ,289,10,6-10 Hrs,0%,No premium hrs
977,1849, -   ,212, -   ,620,69,378,3975,131,Over 60 Hrs,27%,21%-40% premium hrs
978,236, -   , -   , -   , -   , -   , -   ,236,8,6-10 Hrs,0%,No premium hrs
979,162, -   , -   , -   , -   , -   , -   ,162,5,Under 5 Hrs,0%,No premium hrs
980,100, -   , -   , -   , -   , -   , -   ,100,3,Under 5 Hrs,0%,No premium hrs
981,44, -   , -   , -   , -   , -   , -   ,44,1,Under 5 Hrs,0%,No premium hrs
982,110, -   , -   , -   , -   ,2, -   ,112,4,Under 5 Hrs,2%,1%-10% premium hrs
983,108, -   , -   , -   , -   , -   , -   ,108,4,Under 5 Hrs,0%,No premium hrs
984,366, -   , -   , -   ,2,6, -   ,373,12,11-20 Hrs,2%,1%-10% premium hrs
985,181, -   , -   , -   , -   , -   , -   ,181,6,6-10 Hrs,0%,No premium hrs
986,385, -   , -   , -   , -   ,9,3,397,13,11-20 Hrs,3%,1%-10% premium hrs
987,58, -   , -   , -   , -   , -   , -   ,58,2,Under 5 Hrs,0%,No premium hrs
988,236, -   , -   , -   , -   , -   , -   ,236,8,6-10 Hrs,0%,No premium hrs
989,137, -   , -   , -   , -   , -   , -   ,137,5,Under 5 Hrs,0%,No premium hrs
990,447, -   , -   , -   ,4,13, -   ,464,15,11-20 Hrs,4%,1%-10% premium hrs
991,105, -   , -   , -   ,4,1, -   ,109,4,Under 5 Hrs,4%,1%-10% premium hrs
992,204, -   , -   , -   , -   , -   , -   ,204,7,6-10 Hrs,0%,No premium hrs
993,56, -   , -   , -   , -   , -   , -   ,56,2,Under 5 Hrs,0%,No premium hrs
994,106, -   , -   , -   , -   , -   , -   ,106,4,Under 5 Hrs,0%,No premium hrs
995,296, -   , -   , -   ,7,9,28,340,11,11-20 Hrs,13%,11%-20% premium hrs
996,89, -   , -   , -   , -   , -   , -   ,89,3,Under 5 Hrs,0%,No premium hrs
997,298, -   , -   , -   , -   , -   , -   ,298,10,6-10 Hrs,0%,No premium hrs
998,60, -   , -   , -   , -   , -   , -   ,60,2,Under 5 Hrs,0%,No premium hrs
999,163, -   , -   , -   , -   ,1, -   ,164,5,Under 5 Hrs,1%,1%-10% premium hrs
,,,,,,,,,,,,
